Model,Task,Format,Backend,Inference_ID,Latency_ms,Accuracy
MobileNetV5,Rock_Classification,INT8,NPU,1,23.923,79.87%
MobileNetV5,Rock_Classification,INT8,NPU,2,25.056,79.87%
MobileNetV5,Rock_Classification,INT8,NPU,3,24.543,79.87%
MobileNetV5,Rock_Classification,INT8,NPU,4,24.759,79.87%
MobileNetV5,Rock_Classification,INT8,NPU,5,26.191,79.87%
MobileNetV5,Rock_Classification,INT8,NPU,6,24.499,79.87%
MobileNetV5,Rock_Classification,INT8,NPU,7,23.19,79.87%
MobileNetV5,Rock_Classification,INT8,NPU,8,22.883,79.87%
MobileNetV5,Rock_Classification,INT8,NPU,9,21.604,79.87%
MobileNetV5,Rock_Classification,INT8,NPU,10,23.774,79.87%
MobileNetV5,Rock_Classification,INT8,NPU,11,23.287,79.87%
MobileNetV5,Rock_Classification,INT8,NPU,12,22.237,79.87%
MobileNetV5,Rock_Classification,INT8,NPU,13,24.848,79.87%
MobileNetV5,Rock_Classification,INT8,NPU,14,25.212,79.87%
MobileNetV5,Rock_Classification,INT8,NPU,15,24.612,79.87%
MobileNetV5,Rock_Classification,INT8,NPU,16,24.431,79.87%
MobileNetV5,Rock_Classification,INT8,NPU,17,22.44,79.87%
MobileNetV5,Rock_Classification,INT8,NPU,18,25.957,79.87%
MobileNetV5,Rock_Classification,INT8,NPU,19,24.827,79.87%
MobileNetV5,Rock_Classification,INT8,NPU,20,24.094,79.87%
MobileNetV5,Rock_Classification,INT8,NPU,21,23.013,79.87%
MobileNetV5,Rock_Classification,INT8,NPU,22,24.387,79.87%
MobileNetV5,Rock_Classification,INT8,NPU,23,27.125,79.87%
MobileNetV5,Rock_Classification,INT8,NPU,24,23.793,79.87%
MobileNetV5,Rock_Classification,INT8,NPU,25,23.286,79.87%
MobileNetV5,Rock_Classification,INT8,NPU,26,23.145,79.87%
MobileNetV5,Rock_Classification,INT8,NPU,27,23.61,79.87%
MobileNetV5,Rock_Classification,INT8,NPU,28,22.957,79.87%
MobileNetV5,Rock_Classification,INT8,NPU,29,24.38,79.87%
MobileNetV5,Rock_Classification,INT8,NPU,30,23.732,79.87%
MobileNetV5,Rock_Classification,INT8,NPU,31,23.796,79.87%
MobileNetV5,Rock_Classification,INT8,NPU,32,22.894,79.87%
MobileNetV5,Rock_Classification,INT8,NPU,33,23.312,79.87%
MobileNetV5,Rock_Classification,INT8,NPU,34,23.841,79.87%
MobileNetV5,Rock_Classification,INT8,NPU,35,24.721,79.87%
MobileNetV5,Rock_Classification,INT8,NPU,36,23.821,79.87%
MobileNetV5,Rock_Classification,INT8,NPU,37,24.461,79.87%
MobileNetV5,Rock_Classification,INT8,NPU,38,23.335,79.87%
MobileNetV5,Rock_Classification,INT8,NPU,39,22.622,79.87%
MobileNetV5,Rock_Classification,INT8,NPU,40,23.732,79.87%
MobileNetV5,Rock_Classification,INT8,NPU,41,23.145,79.87%
MobileNetV5,Rock_Classification,INT8,NPU,42,25.178,79.87%
MobileNetV5,Rock_Classification,INT8,NPU,43,23.182,79.87%
MobileNetV5,Rock_Classification,INT8,NPU,44,25.192,79.87%
MobileNetV5,Rock_Classification,INT8,NPU,45,25.25,79.87%
MobileNetV5,Rock_Classification,INT8,NPU,46,23.279,79.87%
MobileNetV5,Rock_Classification,INT8,NPU,47,24.43,79.87%
MobileNetV5,Rock_Classification,INT8,NPU,48,24.307,79.87%
MobileNetV5,Rock_Classification,INT8,NPU,49,25.461,79.87%
MobileNetV5,Rock_Classification,INT8,NPU,50,23.134,79.87%
MobileNetV5,Rock_Classification,INT8,NPU,51,25.622,79.87%
MobileNetV5,Rock_Classification,INT8,NPU,52,24.085,79.87%
MobileNetV5,Rock_Classification,INT8,NPU,53,24.475,79.87%
MobileNetV5,Rock_Classification,INT8,NPU,54,23.676,79.87%
MobileNetV5,Rock_Classification,INT8,NPU,55,22.296,79.87%
MobileNetV5,Rock_Classification,INT8,NPU,56,22.785,79.87%
MobileNetV5,Rock_Classification,INT8,NPU,57,24.766,79.87%
MobileNetV5,Rock_Classification,INT8,NPU,58,23.584,79.87%
MobileNetV5,Rock_Classification,INT8,NPU,59,23.33,79.87%
MobileNetV5,Rock_Classification,INT8,NPU,60,25.984,79.87%
MobileNetV5,Rock_Classification,INT8,NPU,61,23.542,79.87%
MobileNetV5,Rock_Classification,INT8,NPU,62,23.239,79.87%
MobileNetV5,Rock_Classification,INT8,NPU,63,23.117,79.87%
MobileNetV5,Rock_Classification,INT8,NPU,64,24.646,79.87%
MobileNetV5,Rock_Classification,INT8,NPU,65,24.394,79.87%
MobileNetV5,Rock_Classification,INT8,NPU,66,24.949,79.87%
MobileNetV5,Rock_Classification,INT8,NPU,67,23.973,79.87%
MobileNetV5,Rock_Classification,INT8,NPU,68,22.812,79.87%
MobileNetV5,Rock_Classification,INT8,NPU,69,22.993,79.87%
MobileNetV5,Rock_Classification,INT8,NPU,70,24.2,79.87%
MobileNetV5,Rock_Classification,INT8,NPU,71,23.98,79.87%
MobileNetV5,Rock_Classification,INT8,NPU,72,24.044,79.87%
MobileNetV5,Rock_Classification,INT8,NPU,73,23.965,79.87%
MobileNetV5,Rock_Classification,INT8,NPU,74,24.524,79.87%
MobileNetV5,Rock_Classification,INT8,NPU,75,25.333,79.87%
MobileNetV5,Rock_Classification,INT8,NPU,76,25.03,79.87%
MobileNetV5,Rock_Classification,INT8,NPU,77,23.653,79.87%
MobileNetV5,Rock_Classification,INT8,NPU,78,24.7,79.87%
MobileNetV5,Rock_Classification,INT8,NPU,79,25.221,79.87%
MobileNetV5,Rock_Classification,INT8,NPU,80,23.693,79.87%
MobileNetV5,Rock_Classification,INT8,NPU,81,23.793,79.87%
MobileNetV5,Rock_Classification,INT8,NPU,82,25.227,79.87%
MobileNetV5,Rock_Classification,INT8,NPU,83,23.579,79.87%
MobileNetV5,Rock_Classification,INT8,NPU,84,23.521,79.87%
MobileNetV5,Rock_Classification,INT8,NPU,85,24.655,79.87%
MobileNetV5,Rock_Classification,INT8,NPU,86,22.915,79.87%
MobileNetV5,Rock_Classification,INT8,NPU,87,24.887,79.87%
MobileNetV5,Rock_Classification,INT8,NPU,88,24.924,79.87%
MobileNetV5,Rock_Classification,INT8,NPU,89,24.602,79.87%
MobileNetV5,Rock_Classification,INT8,NPU,90,23.177,79.87%
MobileNetV5,Rock_Classification,INT8,NPU,91,26.381,79.87%
MobileNetV5,Rock_Classification,INT8,NPU,92,24.745,79.87%
MobileNetV5,Rock_Classification,INT8,NPU,93,25.16,79.87%
MobileNetV5,Rock_Classification,INT8,NPU,94,24.845,79.87%
MobileNetV5,Rock_Classification,INT8,NPU,95,25.112,79.87%
MobileNetV5,Rock_Classification,INT8,NPU,96,25.676,79.87%
MobileNetV5,Rock_Classification,INT8,NPU,97,24.289,79.87%
MobileNetV5,Rock_Classification,INT8,NPU,98,25.425,79.87%
MobileNetV5,Rock_Classification,INT8,NPU,99,23.25,79.87%
MobileNetV5,Rock_Classification,INT8,NPU,100,24.119,79.87%
MobileNetV5,Rock_Classification,INT8,GPU,1,55.085,79.87%
MobileNetV5,Rock_Classification,INT8,GPU,2,53.681,79.87%
MobileNetV5,Rock_Classification,INT8,GPU,3,49.314,79.87%
MobileNetV5,Rock_Classification,INT8,GPU,4,53.814,79.87%
MobileNetV5,Rock_Classification,INT8,GPU,5,52.793,79.87%
MobileNetV5,Rock_Classification,INT8,GPU,6,54.371,79.87%
MobileNetV5,Rock_Classification,INT8,GPU,7,56.223,79.87%
MobileNetV5,Rock_Classification,INT8,GPU,8,54.961,79.87%
MobileNetV5,Rock_Classification,INT8,GPU,9,52.565,79.87%
MobileNetV5,Rock_Classification,INT8,GPU,10,52.095,79.87%
MobileNetV5,Rock_Classification,INT8,GPU,11,53.847,79.87%
MobileNetV5,Rock_Classification,INT8,GPU,12,55.519,79.87%
MobileNetV5,Rock_Classification,INT8,GPU,13,55.785,79.87%
MobileNetV5,Rock_Classification,INT8,GPU,14,55.499,79.87%
MobileNetV5,Rock_Classification,INT8,GPU,15,54.513,79.87%
MobileNetV5,Rock_Classification,INT8,GPU,16,53.698,79.87%
MobileNetV5,Rock_Classification,INT8,GPU,17,55.335,79.87%
MobileNetV5,Rock_Classification,INT8,GPU,18,57.519,79.87%
MobileNetV5,Rock_Classification,INT8,GPU,19,50.373,79.87%
MobileNetV5,Rock_Classification,INT8,GPU,20,56.768,79.87%
MobileNetV5,Rock_Classification,INT8,GPU,21,51.259,79.87%
MobileNetV5,Rock_Classification,INT8,GPU,22,54.238,79.87%
MobileNetV5,Rock_Classification,INT8,GPU,23,53.932,79.87%
MobileNetV5,Rock_Classification,INT8,GPU,24,53.522,79.87%
MobileNetV5,Rock_Classification,INT8,GPU,25,55.474,79.87%
MobileNetV5,Rock_Classification,INT8,GPU,26,56.551,79.87%
MobileNetV5,Rock_Classification,INT8,GPU,27,52.465,79.87%
MobileNetV5,Rock_Classification,INT8,GPU,28,53.986,79.87%
MobileNetV5,Rock_Classification,INT8,GPU,29,55.095,79.87%
MobileNetV5,Rock_Classification,INT8,GPU,30,50.954,79.87%
MobileNetV5,Rock_Classification,INT8,GPU,31,52.679,79.87%
MobileNetV5,Rock_Classification,INT8,GPU,32,52.861,79.87%
MobileNetV5,Rock_Classification,INT8,GPU,33,53.428,79.87%
MobileNetV5,Rock_Classification,INT8,GPU,34,56.417,79.87%
MobileNetV5,Rock_Classification,INT8,GPU,35,56.462,79.87%
MobileNetV5,Rock_Classification,INT8,GPU,36,52.469,79.87%
MobileNetV5,Rock_Classification,INT8,GPU,37,50.139,79.87%
MobileNetV5,Rock_Classification,INT8,GPU,38,55.871,79.87%
MobileNetV5,Rock_Classification,INT8,GPU,39,55.866,79.87%
MobileNetV5,Rock_Classification,INT8,GPU,40,54.45,79.87%
MobileNetV5,Rock_Classification,INT8,GPU,41,53.706,79.87%
MobileNetV5,Rock_Classification,INT8,GPU,42,56.035,79.87%
MobileNetV5,Rock_Classification,INT8,GPU,43,57.868,79.87%
MobileNetV5,Rock_Classification,INT8,GPU,44,54.612,79.87%
MobileNetV5,Rock_Classification,INT8,GPU,45,56.213,79.87%
MobileNetV5,Rock_Classification,INT8,GPU,46,51.372,79.87%
MobileNetV5,Rock_Classification,INT8,GPU,47,56.185,79.87%
MobileNetV5,Rock_Classification,INT8,GPU,48,54.749,79.87%
MobileNetV5,Rock_Classification,INT8,GPU,49,53.801,79.87%
MobileNetV5,Rock_Classification,INT8,GPU,50,54.69,79.87%
MobileNetV5,Rock_Classification,INT8,GPU,51,55.178,79.87%
MobileNetV5,Rock_Classification,INT8,GPU,52,60.613,79.87%
MobileNetV5,Rock_Classification,INT8,GPU,53,56.969,79.87%
MobileNetV5,Rock_Classification,INT8,GPU,54,57.519,79.87%
MobileNetV5,Rock_Classification,INT8,GPU,55,55.369,79.87%
MobileNetV5,Rock_Classification,INT8,GPU,56,53.779,79.87%
MobileNetV5,Rock_Classification,INT8,GPU,57,55.852,79.87%
MobileNetV5,Rock_Classification,INT8,GPU,58,53.923,79.87%
MobileNetV5,Rock_Classification,INT8,GPU,59,53.473,79.87%
MobileNetV5,Rock_Classification,INT8,GPU,60,56.644,79.87%
MobileNetV5,Rock_Classification,INT8,GPU,61,53.019,79.87%
MobileNetV5,Rock_Classification,INT8,GPU,62,56.113,79.87%
MobileNetV5,Rock_Classification,INT8,GPU,63,50.442,79.87%
MobileNetV5,Rock_Classification,INT8,GPU,64,51.279,79.87%
MobileNetV5,Rock_Classification,INT8,GPU,65,54.301,79.87%
MobileNetV5,Rock_Classification,INT8,GPU,66,51.49,79.87%
MobileNetV5,Rock_Classification,INT8,GPU,67,55.343,79.87%
MobileNetV5,Rock_Classification,INT8,GPU,68,54.144,79.87%
MobileNetV5,Rock_Classification,INT8,GPU,69,53.439,79.87%
MobileNetV5,Rock_Classification,INT8,GPU,70,53.11,79.87%
MobileNetV5,Rock_Classification,INT8,GPU,71,55.889,79.87%
MobileNetV5,Rock_Classification,INT8,GPU,72,55.024,79.87%
MobileNetV5,Rock_Classification,INT8,GPU,73,58.159,79.87%
MobileNetV5,Rock_Classification,INT8,GPU,74,57.503,79.87%
MobileNetV5,Rock_Classification,INT8,GPU,75,52.148,79.87%
MobileNetV5,Rock_Classification,INT8,GPU,76,55.9,79.87%
MobileNetV5,Rock_Classification,INT8,GPU,77,54.061,79.87%
MobileNetV5,Rock_Classification,INT8,GPU,78,52.437,79.87%
MobileNetV5,Rock_Classification,INT8,GPU,79,53.94,79.87%
MobileNetV5,Rock_Classification,INT8,GPU,80,55.306,79.87%
MobileNetV5,Rock_Classification,INT8,GPU,81,54.963,79.87%
MobileNetV5,Rock_Classification,INT8,GPU,82,51.048,79.87%
MobileNetV5,Rock_Classification,INT8,GPU,83,51.68,79.87%
MobileNetV5,Rock_Classification,INT8,GPU,84,52.935,79.87%
MobileNetV5,Rock_Classification,INT8,GPU,85,51.584,79.87%
MobileNetV5,Rock_Classification,INT8,GPU,86,54.201,79.87%
MobileNetV5,Rock_Classification,INT8,GPU,87,55.34,79.87%
MobileNetV5,Rock_Classification,INT8,GPU,88,53.899,79.87%
MobileNetV5,Rock_Classification,INT8,GPU,89,54.76,79.87%
MobileNetV5,Rock_Classification,INT8,GPU,90,53.002,79.87%
MobileNetV5,Rock_Classification,INT8,GPU,91,51.325,79.87%
MobileNetV5,Rock_Classification,INT8,GPU,92,54.231,79.87%
MobileNetV5,Rock_Classification,INT8,GPU,93,55.835,79.87%
MobileNetV5,Rock_Classification,INT8,GPU,94,54.931,79.87%
MobileNetV5,Rock_Classification,INT8,GPU,95,53.922,79.87%
MobileNetV5,Rock_Classification,INT8,GPU,96,55.056,79.87%
MobileNetV5,Rock_Classification,INT8,GPU,97,53.26,79.87%
MobileNetV5,Rock_Classification,INT8,GPU,98,51.564,79.87%
MobileNetV5,Rock_Classification,INT8,GPU,99,57.639,79.87%
MobileNetV5,Rock_Classification,INT8,GPU,100,54.539,79.87%
MobileNetV5,Rock_Classification,INT8,CPU,1,2570.365,79.87%
MobileNetV5,Rock_Classification,INT8,CPU,2,2498.693,79.87%
MobileNetV5,Rock_Classification,INT8,CPU,3,2489.67,79.87%
MobileNetV5,Rock_Classification,INT8,CPU,4,2495.03,79.87%
MobileNetV5,Rock_Classification,INT8,CPU,5,2410.581,79.87%
MobileNetV5,Rock_Classification,INT8,CPU,6,2415.569,79.87%
MobileNetV5,Rock_Classification,INT8,CPU,7,2614.949,79.87%
MobileNetV5,Rock_Classification,INT8,CPU,8,2551.237,79.87%
MobileNetV5,Rock_Classification,INT8,CPU,9,2336.941,79.87%
MobileNetV5,Rock_Classification,INT8,CPU,10,2496.797,79.87%
MobileNetV5,Rock_Classification,INT8,CPU,11,2531.928,79.87%
MobileNetV5,Rock_Classification,INT8,CPU,12,2517.233,79.87%
MobileNetV5,Rock_Classification,INT8,CPU,13,2460.633,79.87%
MobileNetV5,Rock_Classification,INT8,CPU,14,2488.981,79.87%
MobileNetV5,Rock_Classification,INT8,CPU,15,2526.064,79.87%
MobileNetV5,Rock_Classification,INT8,CPU,16,2421.755,79.87%
MobileNetV5,Rock_Classification,INT8,CPU,17,2444.316,79.87%
MobileNetV5,Rock_Classification,INT8,CPU,18,2434.207,79.87%
MobileNetV5,Rock_Classification,INT8,CPU,19,2566.947,79.87%
MobileNetV5,Rock_Classification,INT8,CPU,20,2407.971,79.87%
MobileNetV5,Rock_Classification,INT8,CPU,21,2360.392,79.87%
MobileNetV5,Rock_Classification,INT8,CPU,22,2285.861,79.87%
MobileNetV5,Rock_Classification,INT8,CPU,23,2581.875,79.87%
MobileNetV5,Rock_Classification,INT8,CPU,24,2498.704,79.87%
MobileNetV5,Rock_Classification,INT8,CPU,25,2502.028,79.87%
MobileNetV5,Rock_Classification,INT8,CPU,26,2456.057,79.87%
MobileNetV5,Rock_Classification,INT8,CPU,27,2557.694,79.87%
MobileNetV5,Rock_Classification,INT8,CPU,28,2701.692,79.87%
MobileNetV5,Rock_Classification,INT8,CPU,29,2353.182,79.87%
MobileNetV5,Rock_Classification,INT8,CPU,30,2420.082,79.87%
MobileNetV5,Rock_Classification,INT8,CPU,31,2584.382,79.87%
MobileNetV5,Rock_Classification,INT8,CPU,32,2393.991,79.87%
MobileNetV5,Rock_Classification,INT8,CPU,33,2390.761,79.87%
MobileNetV5,Rock_Classification,INT8,CPU,34,2449.26,79.87%
MobileNetV5,Rock_Classification,INT8,CPU,35,2482.649,79.87%
MobileNetV5,Rock_Classification,INT8,CPU,36,2405.136,79.87%
MobileNetV5,Rock_Classification,INT8,CPU,37,2566.417,79.87%
MobileNetV5,Rock_Classification,INT8,CPU,38,2267.583,79.87%
MobileNetV5,Rock_Classification,INT8,CPU,39,2505.009,79.87%
MobileNetV5,Rock_Classification,INT8,CPU,40,2248.145,79.87%
MobileNetV5,Rock_Classification,INT8,CPU,41,2459.758,79.87%
MobileNetV5,Rock_Classification,INT8,CPU,42,2346.059,79.87%
MobileNetV5,Rock_Classification,INT8,CPU,43,2437.039,79.87%
MobileNetV5,Rock_Classification,INT8,CPU,44,2438.633,79.87%
MobileNetV5,Rock_Classification,INT8,CPU,45,2434.411,79.87%
MobileNetV5,Rock_Classification,INT8,CPU,46,2466.169,79.87%
MobileNetV5,Rock_Classification,INT8,CPU,47,2480.727,79.87%
MobileNetV5,Rock_Classification,INT8,CPU,48,2439.583,79.87%
MobileNetV5,Rock_Classification,INT8,CPU,49,2530.041,79.87%
MobileNetV5,Rock_Classification,INT8,CPU,50,2455.631,79.87%
MobileNetV5,Rock_Classification,INT8,CPU,51,2396.096,79.87%
MobileNetV5,Rock_Classification,INT8,CPU,52,2310.139,79.87%
MobileNetV5,Rock_Classification,INT8,CPU,53,2340.991,79.87%
MobileNetV5,Rock_Classification,INT8,CPU,54,2336.794,79.87%
MobileNetV5,Rock_Classification,INT8,CPU,55,2380.695,79.87%
MobileNetV5,Rock_Classification,INT8,CPU,56,2404.004,79.87%
MobileNetV5,Rock_Classification,INT8,CPU,57,2584.997,79.87%
MobileNetV5,Rock_Classification,INT8,CPU,58,2452.635,79.87%
MobileNetV5,Rock_Classification,INT8,CPU,59,2512.593,79.87%
MobileNetV5,Rock_Classification,INT8,CPU,60,2401.438,79.87%
MobileNetV5,Rock_Classification,INT8,CPU,61,2601.728,79.87%
MobileNetV5,Rock_Classification,INT8,CPU,62,2468.424,79.87%
MobileNetV5,Rock_Classification,INT8,CPU,63,2422.913,79.87%
MobileNetV5,Rock_Classification,INT8,CPU,64,2437.682,79.87%
MobileNetV5,Rock_Classification,INT8,CPU,65,2463.155,79.87%
MobileNetV5,Rock_Classification,INT8,CPU,66,2447.616,79.87%
MobileNetV5,Rock_Classification,INT8,CPU,67,2392.518,79.87%
MobileNetV5,Rock_Classification,INT8,CPU,68,2497.97,79.87%
MobileNetV5,Rock_Classification,INT8,CPU,69,2723.179,79.87%
MobileNetV5,Rock_Classification,INT8,CPU,70,2608.648,79.87%
MobileNetV5,Rock_Classification,INT8,CPU,71,2562.986,79.87%
MobileNetV5,Rock_Classification,INT8,CPU,72,2357.016,79.87%
MobileNetV5,Rock_Classification,INT8,CPU,73,2385.448,79.87%
MobileNetV5,Rock_Classification,INT8,CPU,74,2331.891,79.87%
MobileNetV5,Rock_Classification,INT8,CPU,75,2473.485,79.87%
MobileNetV5,Rock_Classification,INT8,CPU,76,2423.707,79.87%
MobileNetV5,Rock_Classification,INT8,CPU,77,2538.412,79.87%
MobileNetV5,Rock_Classification,INT8,CPU,78,2401.798,79.87%
MobileNetV5,Rock_Classification,INT8,CPU,79,2488.98,79.87%
MobileNetV5,Rock_Classification,INT8,CPU,80,2537.647,79.87%
MobileNetV5,Rock_Classification,INT8,CPU,81,2446.944,79.87%
MobileNetV5,Rock_Classification,INT8,CPU,82,2358.825,79.87%
MobileNetV5,Rock_Classification,INT8,CPU,83,2495.342,79.87%
MobileNetV5,Rock_Classification,INT8,CPU,84,2345.196,79.87%
MobileNetV5,Rock_Classification,INT8,CPU,85,2417.77,79.87%
MobileNetV5,Rock_Classification,INT8,CPU,86,2427.37,79.87%
MobileNetV5,Rock_Classification,INT8,CPU,87,2443.662,79.87%
MobileNetV5,Rock_Classification,INT8,CPU,88,2447.766,79.87%
MobileNetV5,Rock_Classification,INT8,CPU,89,2395.401,79.87%
MobileNetV5,Rock_Classification,INT8,CPU,90,2454.55,79.87%
MobileNetV5,Rock_Classification,INT8,CPU,91,2405.97,79.87%
MobileNetV5,Rock_Classification,INT8,CPU,92,2395.231,79.87%
MobileNetV5,Rock_Classification,INT8,CPU,93,2523.634,79.87%
MobileNetV5,Rock_Classification,INT8,CPU,94,2457.696,79.87%
MobileNetV5,Rock_Classification,INT8,CPU,95,2373.992,79.87%
MobileNetV5,Rock_Classification,INT8,CPU,96,2512.418,79.87%
MobileNetV5,Rock_Classification,INT8,CPU,97,2298.319,79.87%
MobileNetV5,Rock_Classification,INT8,CPU,98,2562.201,79.87%
MobileNetV5,Rock_Classification,INT8,CPU,99,2224.824,79.87%
MobileNetV5,Rock_Classification,INT8,CPU,100,2645.162,79.87%
MobileNetV5,Rock_Classification,INT4,NPU,1,18.473,79.87%
MobileNetV5,Rock_Classification,INT4,NPU,2,19.579,79.87%
MobileNetV5,Rock_Classification,INT4,NPU,3,19.013,79.87%
MobileNetV5,Rock_Classification,INT4,NPU,4,18.433,79.87%
MobileNetV5,Rock_Classification,INT4,NPU,5,17.936,79.87%
MobileNetV5,Rock_Classification,INT4,NPU,6,17.872,79.87%
MobileNetV5,Rock_Classification,INT4,NPU,7,19.4,79.87%
MobileNetV5,Rock_Classification,INT4,NPU,8,17.452,79.87%
MobileNetV5,Rock_Classification,INT4,NPU,9,18.405,79.87%
MobileNetV5,Rock_Classification,INT4,NPU,10,19.418,79.87%
MobileNetV5,Rock_Classification,INT4,NPU,11,19.847,79.87%
MobileNetV5,Rock_Classification,INT4,NPU,12,18.515,79.87%
MobileNetV5,Rock_Classification,INT4,NPU,13,18.004,79.87%
MobileNetV5,Rock_Classification,INT4,NPU,14,17.687,79.87%
MobileNetV5,Rock_Classification,INT4,NPU,15,18.434,79.87%
MobileNetV5,Rock_Classification,INT4,NPU,16,16.992,79.87%
MobileNetV5,Rock_Classification,INT4,NPU,17,18.673,79.87%
MobileNetV5,Rock_Classification,INT4,NPU,18,18.742,79.87%
MobileNetV5,Rock_Classification,INT4,NPU,19,17.798,79.87%
MobileNetV5,Rock_Classification,INT4,NPU,20,18.572,79.87%
MobileNetV5,Rock_Classification,INT4,NPU,21,18.749,79.87%
MobileNetV5,Rock_Classification,INT4,NPU,22,18.629,79.87%
MobileNetV5,Rock_Classification,INT4,NPU,23,17.105,79.87%
MobileNetV5,Rock_Classification,INT4,NPU,24,18.721,79.87%
MobileNetV5,Rock_Classification,INT4,NPU,25,16.966,79.87%
MobileNetV5,Rock_Classification,INT4,NPU,26,18.187,79.87%
MobileNetV5,Rock_Classification,INT4,NPU,27,19.088,79.87%
MobileNetV5,Rock_Classification,INT4,NPU,28,17.84,79.87%
MobileNetV5,Rock_Classification,INT4,NPU,29,17.354,79.87%
MobileNetV5,Rock_Classification,INT4,NPU,30,18.135,79.87%
MobileNetV5,Rock_Classification,INT4,NPU,31,17.578,79.87%
MobileNetV5,Rock_Classification,INT4,NPU,32,19.14,79.87%
MobileNetV5,Rock_Classification,INT4,NPU,33,18.385,79.87%
MobileNetV5,Rock_Classification,INT4,NPU,34,17.583,79.87%
MobileNetV5,Rock_Classification,INT4,NPU,35,18.933,79.87%
MobileNetV5,Rock_Classification,INT4,NPU,36,19.782,79.87%
MobileNetV5,Rock_Classification,INT4,NPU,37,18.514,79.87%
MobileNetV5,Rock_Classification,INT4,NPU,38,17.443,79.87%
MobileNetV5,Rock_Classification,INT4,NPU,39,17.581,79.87%
MobileNetV5,Rock_Classification,INT4,NPU,40,18.966,79.87%
MobileNetV5,Rock_Classification,INT4,NPU,41,18.7,79.87%
MobileNetV5,Rock_Classification,INT4,NPU,42,18.66,79.87%
MobileNetV5,Rock_Classification,INT4,NPU,43,18.199,79.87%
MobileNetV5,Rock_Classification,INT4,NPU,44,19.359,79.87%
MobileNetV5,Rock_Classification,INT4,NPU,45,19.095,79.87%
MobileNetV5,Rock_Classification,INT4,NPU,46,19.572,79.87%
MobileNetV5,Rock_Classification,INT4,NPU,47,18.622,79.87%
MobileNetV5,Rock_Classification,INT4,NPU,48,18.414,79.87%
MobileNetV5,Rock_Classification,INT4,NPU,49,18.523,79.87%
MobileNetV5,Rock_Classification,INT4,NPU,50,18.357,79.87%
MobileNetV5,Rock_Classification,INT4,NPU,51,18.255,79.87%
MobileNetV5,Rock_Classification,INT4,NPU,52,18.144,79.87%
MobileNetV5,Rock_Classification,INT4,NPU,53,19.053,79.87%
MobileNetV5,Rock_Classification,INT4,NPU,54,17.343,79.87%
MobileNetV5,Rock_Classification,INT4,NPU,55,18.717,79.87%
MobileNetV5,Rock_Classification,INT4,NPU,56,19.539,79.87%
MobileNetV5,Rock_Classification,INT4,NPU,57,18.394,79.87%
MobileNetV5,Rock_Classification,INT4,NPU,58,18.976,79.87%
MobileNetV5,Rock_Classification,INT4,NPU,59,19.006,79.87%
MobileNetV5,Rock_Classification,INT4,NPU,60,18.34,79.87%
MobileNetV5,Rock_Classification,INT4,NPU,61,19.61,79.87%
MobileNetV5,Rock_Classification,INT4,NPU,62,18.991,79.87%
MobileNetV5,Rock_Classification,INT4,NPU,63,18.914,79.87%
MobileNetV5,Rock_Classification,INT4,NPU,64,17.862,79.87%
MobileNetV5,Rock_Classification,INT4,NPU,65,19.064,79.87%
MobileNetV5,Rock_Classification,INT4,NPU,66,18.838,79.87%
MobileNetV5,Rock_Classification,INT4,NPU,67,18.151,79.87%
MobileNetV5,Rock_Classification,INT4,NPU,68,19.19,79.87%
MobileNetV5,Rock_Classification,INT4,NPU,69,16.878,79.87%
MobileNetV5,Rock_Classification,INT4,NPU,70,18.558,79.87%
MobileNetV5,Rock_Classification,INT4,NPU,71,17.6,79.87%
MobileNetV5,Rock_Classification,INT4,NPU,72,17.66,79.87%
MobileNetV5,Rock_Classification,INT4,NPU,73,19.254,79.87%
MobileNetV5,Rock_Classification,INT4,NPU,74,17.92,79.87%
MobileNetV5,Rock_Classification,INT4,NPU,75,19.341,79.87%
MobileNetV5,Rock_Classification,INT4,NPU,76,17.973,79.87%
MobileNetV5,Rock_Classification,INT4,NPU,77,18.547,79.87%
MobileNetV5,Rock_Classification,INT4,NPU,78,18.553,79.87%
MobileNetV5,Rock_Classification,INT4,NPU,79,18.303,79.87%
MobileNetV5,Rock_Classification,INT4,NPU,80,18.71,79.87%
MobileNetV5,Rock_Classification,INT4,NPU,81,18.926,79.87%
MobileNetV5,Rock_Classification,INT4,NPU,82,18.443,79.87%
MobileNetV5,Rock_Classification,INT4,NPU,83,18.71,79.87%
MobileNetV5,Rock_Classification,INT4,NPU,84,17.396,79.87%
MobileNetV5,Rock_Classification,INT4,NPU,85,18.169,79.87%
MobileNetV5,Rock_Classification,INT4,NPU,86,19.693,79.87%
MobileNetV5,Rock_Classification,INT4,NPU,87,18.819,79.87%
MobileNetV5,Rock_Classification,INT4,NPU,88,18.008,79.87%
MobileNetV5,Rock_Classification,INT4,NPU,89,17.81,79.87%
MobileNetV5,Rock_Classification,INT4,NPU,90,18.533,79.87%
MobileNetV5,Rock_Classification,INT4,NPU,91,16.771,79.87%
MobileNetV5,Rock_Classification,INT4,NPU,92,17.994,79.87%
MobileNetV5,Rock_Classification,INT4,NPU,93,18.059,79.87%
MobileNetV5,Rock_Classification,INT4,NPU,94,18.199,79.87%
MobileNetV5,Rock_Classification,INT4,NPU,95,20.662,79.87%
MobileNetV5,Rock_Classification,INT4,NPU,96,17.855,79.87%
MobileNetV5,Rock_Classification,INT4,NPU,97,18.798,79.87%
MobileNetV5,Rock_Classification,INT4,NPU,98,17.632,79.87%
MobileNetV5,Rock_Classification,INT4,NPU,99,18.845,79.87%
MobileNetV5,Rock_Classification,INT4,NPU,100,18.671,79.87%
MobileNetV5,Rock_Classification,INT4,GPU,1,38.441,79.87%
MobileNetV5,Rock_Classification,INT4,GPU,2,37.978,79.87%
MobileNetV5,Rock_Classification,INT4,GPU,3,40.148,79.87%
MobileNetV5,Rock_Classification,INT4,GPU,4,39.679,79.87%
MobileNetV5,Rock_Classification,INT4,GPU,5,37.353,79.87%
MobileNetV5,Rock_Classification,INT4,GPU,6,39.252,79.87%
MobileNetV5,Rock_Classification,INT4,GPU,7,39.427,79.87%
MobileNetV5,Rock_Classification,INT4,GPU,8,38.276,79.87%
MobileNetV5,Rock_Classification,INT4,GPU,9,36.107,79.87%
MobileNetV5,Rock_Classification,INT4,GPU,10,37.708,79.87%
MobileNetV5,Rock_Classification,INT4,GPU,11,38.852,79.87%
MobileNetV5,Rock_Classification,INT4,GPU,12,38.763,79.87%
MobileNetV5,Rock_Classification,INT4,GPU,13,39.399,79.87%
MobileNetV5,Rock_Classification,INT4,GPU,14,39.683,79.87%
MobileNetV5,Rock_Classification,INT4,GPU,15,39.81,79.87%
MobileNetV5,Rock_Classification,INT4,GPU,16,38.935,79.87%
MobileNetV5,Rock_Classification,INT4,GPU,17,38.598,79.87%
MobileNetV5,Rock_Classification,INT4,GPU,18,41.984,79.87%
MobileNetV5,Rock_Classification,INT4,GPU,19,38.284,79.87%
MobileNetV5,Rock_Classification,INT4,GPU,20,36.713,79.87%
MobileNetV5,Rock_Classification,INT4,GPU,21,39.212,79.87%
MobileNetV5,Rock_Classification,INT4,GPU,22,41.077,79.87%
MobileNetV5,Rock_Classification,INT4,GPU,23,36.044,79.87%
MobileNetV5,Rock_Classification,INT4,GPU,24,38.667,79.87%
MobileNetV5,Rock_Classification,INT4,GPU,25,36.381,79.87%
MobileNetV5,Rock_Classification,INT4,GPU,26,39.183,79.87%
MobileNetV5,Rock_Classification,INT4,GPU,27,40.081,79.87%
MobileNetV5,Rock_Classification,INT4,GPU,28,40.352,79.87%
MobileNetV5,Rock_Classification,INT4,GPU,29,39.533,79.87%
MobileNetV5,Rock_Classification,INT4,GPU,30,38.237,79.87%
MobileNetV5,Rock_Classification,INT4,GPU,31,36.545,79.87%
MobileNetV5,Rock_Classification,INT4,GPU,32,38.276,79.87%
MobileNetV5,Rock_Classification,INT4,GPU,33,41.915,79.87%
MobileNetV5,Rock_Classification,INT4,GPU,34,37.566,79.87%
MobileNetV5,Rock_Classification,INT4,GPU,35,40.123,79.87%
MobileNetV5,Rock_Classification,INT4,GPU,36,37.692,79.87%
MobileNetV5,Rock_Classification,INT4,GPU,37,39.21,79.87%
MobileNetV5,Rock_Classification,INT4,GPU,38,40.544,79.87%
MobileNetV5,Rock_Classification,INT4,GPU,39,41.084,79.87%
MobileNetV5,Rock_Classification,INT4,GPU,40,38.068,79.87%
MobileNetV5,Rock_Classification,INT4,GPU,41,38.425,79.87%
MobileNetV5,Rock_Classification,INT4,GPU,42,37.245,79.87%
MobileNetV5,Rock_Classification,INT4,GPU,43,37.396,79.87%
MobileNetV5,Rock_Classification,INT4,GPU,44,41.814,79.87%
MobileNetV5,Rock_Classification,INT4,GPU,45,38.449,79.87%
MobileNetV5,Rock_Classification,INT4,GPU,46,38.777,79.87%
MobileNetV5,Rock_Classification,INT4,GPU,47,39.355,79.87%
MobileNetV5,Rock_Classification,INT4,GPU,48,37.081,79.87%
MobileNetV5,Rock_Classification,INT4,GPU,49,37.231,79.87%
MobileNetV5,Rock_Classification,INT4,GPU,50,39.403,79.87%
MobileNetV5,Rock_Classification,INT4,GPU,51,40.111,79.87%
MobileNetV5,Rock_Classification,INT4,GPU,52,37.786,79.87%
MobileNetV5,Rock_Classification,INT4,GPU,53,39.468,79.87%
MobileNetV5,Rock_Classification,INT4,GPU,54,39.458,79.87%
MobileNetV5,Rock_Classification,INT4,GPU,55,37.608,79.87%
MobileNetV5,Rock_Classification,INT4,GPU,56,40.482,79.87%
MobileNetV5,Rock_Classification,INT4,GPU,57,37.532,79.87%
MobileNetV5,Rock_Classification,INT4,GPU,58,40.971,79.87%
MobileNetV5,Rock_Classification,INT4,GPU,59,39.899,79.87%
MobileNetV5,Rock_Classification,INT4,GPU,60,40.488,79.87%
MobileNetV5,Rock_Classification,INT4,GPU,61,36.163,79.87%
MobileNetV5,Rock_Classification,INT4,GPU,62,37.645,79.87%
MobileNetV5,Rock_Classification,INT4,GPU,63,37.372,79.87%
MobileNetV5,Rock_Classification,INT4,GPU,64,41.126,79.87%
MobileNetV5,Rock_Classification,INT4,GPU,65,38.519,79.87%
MobileNetV5,Rock_Classification,INT4,GPU,66,39.094,79.87%
MobileNetV5,Rock_Classification,INT4,GPU,67,38.952,79.87%
MobileNetV5,Rock_Classification,INT4,GPU,68,38.369,79.87%
MobileNetV5,Rock_Classification,INT4,GPU,69,40.04,79.87%
MobileNetV5,Rock_Classification,INT4,GPU,70,40.119,79.87%
MobileNetV5,Rock_Classification,INT4,GPU,71,39.602,79.87%
MobileNetV5,Rock_Classification,INT4,GPU,72,39.045,79.87%
MobileNetV5,Rock_Classification,INT4,GPU,73,38.722,79.87%
MobileNetV5,Rock_Classification,INT4,GPU,74,38.811,79.87%
MobileNetV5,Rock_Classification,INT4,GPU,75,37.449,79.87%
MobileNetV5,Rock_Classification,INT4,GPU,76,39.513,79.87%
MobileNetV5,Rock_Classification,INT4,GPU,77,38.633,79.87%
MobileNetV5,Rock_Classification,INT4,GPU,78,38.066,79.87%
MobileNetV5,Rock_Classification,INT4,GPU,79,39.347,79.87%
MobileNetV5,Rock_Classification,INT4,GPU,80,41.006,79.87%
MobileNetV5,Rock_Classification,INT4,GPU,81,35.511,79.87%
MobileNetV5,Rock_Classification,INT4,GPU,82,39.314,79.87%
MobileNetV5,Rock_Classification,INT4,GPU,83,39.734,79.87%
MobileNetV5,Rock_Classification,INT4,GPU,84,38.635,79.87%
MobileNetV5,Rock_Classification,INT4,GPU,85,40.591,79.87%
MobileNetV5,Rock_Classification,INT4,GPU,86,37.908,79.87%
MobileNetV5,Rock_Classification,INT4,GPU,87,41.864,79.87%
MobileNetV5,Rock_Classification,INT4,GPU,88,41.697,79.87%
MobileNetV5,Rock_Classification,INT4,GPU,89,40.253,79.87%
MobileNetV5,Rock_Classification,INT4,GPU,90,35.727,79.87%
MobileNetV5,Rock_Classification,INT4,GPU,91,37.399,79.87%
MobileNetV5,Rock_Classification,INT4,GPU,92,37.964,79.87%
MobileNetV5,Rock_Classification,INT4,GPU,93,38.757,79.87%
MobileNetV5,Rock_Classification,INT4,GPU,94,38.596,79.87%
MobileNetV5,Rock_Classification,INT4,GPU,95,40.921,79.87%
MobileNetV5,Rock_Classification,INT4,GPU,96,39.784,79.87%
MobileNetV5,Rock_Classification,INT4,GPU,97,40.572,79.87%
MobileNetV5,Rock_Classification,INT4,GPU,98,37.883,79.87%
MobileNetV5,Rock_Classification,INT4,GPU,99,37.704,79.87%
MobileNetV5,Rock_Classification,INT4,GPU,100,42.177,79.87%
MobileNetV5,Rock_Classification,INT4,CPU,1,621.537,79.87%
MobileNetV5,Rock_Classification,INT4,CPU,2,620.654,79.87%
MobileNetV5,Rock_Classification,INT4,CPU,3,568.461,79.87%
MobileNetV5,Rock_Classification,INT4,CPU,4,580.875,79.87%
MobileNetV5,Rock_Classification,INT4,CPU,5,618.617,79.87%
MobileNetV5,Rock_Classification,INT4,CPU,6,591.289,79.87%
MobileNetV5,Rock_Classification,INT4,CPU,7,553.723,79.87%
MobileNetV5,Rock_Classification,INT4,CPU,8,577.917,79.87%
MobileNetV5,Rock_Classification,INT4,CPU,9,565.424,79.87%
MobileNetV5,Rock_Classification,INT4,CPU,10,579.597,79.87%
MobileNetV5,Rock_Classification,INT4,CPU,11,551.651,79.87%
MobileNetV5,Rock_Classification,INT4,CPU,12,594.007,79.87%
MobileNetV5,Rock_Classification,INT4,CPU,13,608.943,79.87%
MobileNetV5,Rock_Classification,INT4,CPU,14,583.92,79.87%
MobileNetV5,Rock_Classification,INT4,CPU,15,551.117,79.87%
MobileNetV5,Rock_Classification,INT4,CPU,16,610.967,79.87%
MobileNetV5,Rock_Classification,INT4,CPU,17,585.753,79.87%
MobileNetV5,Rock_Classification,INT4,CPU,18,598.316,79.87%
MobileNetV5,Rock_Classification,INT4,CPU,19,631.665,79.87%
MobileNetV5,Rock_Classification,INT4,CPU,20,576.233,79.87%
MobileNetV5,Rock_Classification,INT4,CPU,21,534.616,79.87%
MobileNetV5,Rock_Classification,INT4,CPU,22,599.645,79.87%
MobileNetV5,Rock_Classification,INT4,CPU,23,592.291,79.87%
MobileNetV5,Rock_Classification,INT4,CPU,24,587.014,79.87%
MobileNetV5,Rock_Classification,INT4,CPU,25,603.25,79.87%
MobileNetV5,Rock_Classification,INT4,CPU,26,553.813,79.87%
MobileNetV5,Rock_Classification,INT4,CPU,27,596.944,79.87%
MobileNetV5,Rock_Classification,INT4,CPU,28,558.894,79.87%
MobileNetV5,Rock_Classification,INT4,CPU,29,553.438,79.87%
MobileNetV5,Rock_Classification,INT4,CPU,30,545.918,79.87%
MobileNetV5,Rock_Classification,INT4,CPU,31,590.211,79.87%
MobileNetV5,Rock_Classification,INT4,CPU,32,590.467,79.87%
MobileNetV5,Rock_Classification,INT4,CPU,33,592.183,79.87%
MobileNetV5,Rock_Classification,INT4,CPU,34,608.388,79.87%
MobileNetV5,Rock_Classification,INT4,CPU,35,592.89,79.87%
MobileNetV5,Rock_Classification,INT4,CPU,36,599.515,79.87%
MobileNetV5,Rock_Classification,INT4,CPU,37,566.576,79.87%
MobileNetV5,Rock_Classification,INT4,CPU,38,649.938,79.87%
MobileNetV5,Rock_Classification,INT4,CPU,39,571.506,79.87%
MobileNetV5,Rock_Classification,INT4,CPU,40,599.781,79.87%
MobileNetV5,Rock_Classification,INT4,CPU,41,578.809,79.87%
MobileNetV5,Rock_Classification,INT4,CPU,42,578.207,79.87%
MobileNetV5,Rock_Classification,INT4,CPU,43,644.703,79.87%
MobileNetV5,Rock_Classification,INT4,CPU,44,581.79,79.87%
MobileNetV5,Rock_Classification,INT4,CPU,45,581.298,79.87%
MobileNetV5,Rock_Classification,INT4,CPU,46,619.89,79.87%
MobileNetV5,Rock_Classification,INT4,CPU,47,587.345,79.87%
MobileNetV5,Rock_Classification,INT4,CPU,48,597.416,79.87%
MobileNetV5,Rock_Classification,INT4,CPU,49,580.112,79.87%
MobileNetV5,Rock_Classification,INT4,CPU,50,608.583,79.87%
MobileNetV5,Rock_Classification,INT4,CPU,51,595.144,79.87%
MobileNetV5,Rock_Classification,INT4,CPU,52,580.57,79.87%
MobileNetV5,Rock_Classification,INT4,CPU,53,582.432,79.87%
MobileNetV5,Rock_Classification,INT4,CPU,54,588.827,79.87%
MobileNetV5,Rock_Classification,INT4,CPU,55,601.877,79.87%
MobileNetV5,Rock_Classification,INT4,CPU,56,569.655,79.87%
MobileNetV5,Rock_Classification,INT4,CPU,57,575.412,79.87%
MobileNetV5,Rock_Classification,INT4,CPU,58,606.76,79.87%
MobileNetV5,Rock_Classification,INT4,CPU,59,602.708,79.87%
MobileNetV5,Rock_Classification,INT4,CPU,60,575.98,79.87%
MobileNetV5,Rock_Classification,INT4,CPU,61,600.916,79.87%
MobileNetV5,Rock_Classification,INT4,CPU,62,574.514,79.87%
MobileNetV5,Rock_Classification,INT4,CPU,63,578.096,79.87%
MobileNetV5,Rock_Classification,INT4,CPU,64,592.13,79.87%
MobileNetV5,Rock_Classification,INT4,CPU,65,583.689,79.87%
MobileNetV5,Rock_Classification,INT4,CPU,66,558.196,79.87%
MobileNetV5,Rock_Classification,INT4,CPU,67,549.394,79.87%
MobileNetV5,Rock_Classification,INT4,CPU,68,577.476,79.87%
MobileNetV5,Rock_Classification,INT4,CPU,69,571.192,79.87%
MobileNetV5,Rock_Classification,INT4,CPU,70,587.817,79.87%
MobileNetV5,Rock_Classification,INT4,CPU,71,576.138,79.87%
MobileNetV5,Rock_Classification,INT4,CPU,72,609.379,79.87%
MobileNetV5,Rock_Classification,INT4,CPU,73,612.561,79.87%
MobileNetV5,Rock_Classification,INT4,CPU,74,629.419,79.87%
MobileNetV5,Rock_Classification,INT4,CPU,75,575.285,79.87%
MobileNetV5,Rock_Classification,INT4,CPU,76,561.205,79.87%
MobileNetV5,Rock_Classification,INT4,CPU,77,547.038,79.87%
MobileNetV5,Rock_Classification,INT4,CPU,78,606.031,79.87%
MobileNetV5,Rock_Classification,INT4,CPU,79,587.206,79.87%
MobileNetV5,Rock_Classification,INT4,CPU,80,588.259,79.87%
MobileNetV5,Rock_Classification,INT4,CPU,81,590.935,79.87%
MobileNetV5,Rock_Classification,INT4,CPU,82,555.738,79.87%
MobileNetV5,Rock_Classification,INT4,CPU,83,596.377,79.87%
MobileNetV5,Rock_Classification,INT4,CPU,84,575.037,79.87%
MobileNetV5,Rock_Classification,INT4,CPU,85,576.198,79.87%
MobileNetV5,Rock_Classification,INT4,CPU,86,554.995,79.87%
MobileNetV5,Rock_Classification,INT4,CPU,87,595.575,79.87%
MobileNetV5,Rock_Classification,INT4,CPU,88,554.577,79.87%
MobileNetV5,Rock_Classification,INT4,CPU,89,633.475,79.87%
MobileNetV5,Rock_Classification,INT4,CPU,90,502.319,79.87%
MobileNetV5,Rock_Classification,INT4,CPU,91,567.838,79.87%
MobileNetV5,Rock_Classification,INT4,CPU,92,555.413,79.87%
MobileNetV5,Rock_Classification,INT4,CPU,93,588.915,79.87%
MobileNetV5,Rock_Classification,INT4,CPU,94,590.904,79.87%
MobileNetV5,Rock_Classification,INT4,CPU,95,580.374,79.87%
MobileNetV5,Rock_Classification,INT4,CPU,96,598.337,79.87%
MobileNetV5,Rock_Classification,INT4,CPU,97,625.476,79.87%
MobileNetV5,Rock_Classification,INT4,CPU,98,582.164,79.87%
MobileNetV5,Rock_Classification,INT4,CPU,99,604.203,79.87%
MobileNetV5,Rock_Classification,INT4,CPU,100,563.078,79.87%
MobileNetV4-Large,Rock_Classification,INT8,NPU,1,15.546,96.76%
MobileNetV4-Large,Rock_Classification,INT8,NPU,2,17.317,96.76%
MobileNetV4-Large,Rock_Classification,INT8,NPU,3,17.977,96.76%
MobileNetV4-Large,Rock_Classification,INT8,NPU,4,16.27,96.76%
MobileNetV4-Large,Rock_Classification,INT8,NPU,5,15.442,96.76%
MobileNetV4-Large,Rock_Classification,INT8,NPU,6,17.336,96.76%
MobileNetV4-Large,Rock_Classification,INT8,NPU,7,16.453,96.76%
MobileNetV4-Large,Rock_Classification,INT8,NPU,8,16.59,96.76%
MobileNetV4-Large,Rock_Classification,INT8,NPU,9,17.75,96.76%
MobileNetV4-Large,Rock_Classification,INT8,NPU,10,15.504,96.76%
MobileNetV4-Large,Rock_Classification,INT8,NPU,11,16.789,96.76%
MobileNetV4-Large,Rock_Classification,INT8,NPU,12,16.529,96.76%
MobileNetV4-Large,Rock_Classification,INT8,NPU,13,16.695,96.76%
MobileNetV4-Large,Rock_Classification,INT8,NPU,14,17.017,96.76%
MobileNetV4-Large,Rock_Classification,INT8,NPU,15,16.837,96.76%
MobileNetV4-Large,Rock_Classification,INT8,NPU,16,17.035,96.76%
MobileNetV4-Large,Rock_Classification,INT8,NPU,17,16.36,96.76%
MobileNetV4-Large,Rock_Classification,INT8,NPU,18,16.826,96.76%
MobileNetV4-Large,Rock_Classification,INT8,NPU,19,16.645,96.76%
MobileNetV4-Large,Rock_Classification,INT8,NPU,20,16.52,96.76%
MobileNetV4-Large,Rock_Classification,INT8,NPU,21,16.342,96.76%
MobileNetV4-Large,Rock_Classification,INT8,NPU,22,17.712,96.76%
MobileNetV4-Large,Rock_Classification,INT8,NPU,23,17.674,96.76%
MobileNetV4-Large,Rock_Classification,INT8,NPU,24,16.616,96.76%
MobileNetV4-Large,Rock_Classification,INT8,NPU,25,15.303,96.76%
MobileNetV4-Large,Rock_Classification,INT8,NPU,26,16.83,96.76%
MobileNetV4-Large,Rock_Classification,INT8,NPU,27,16.65,96.76%
MobileNetV4-Large,Rock_Classification,INT8,NPU,28,16.767,96.76%
MobileNetV4-Large,Rock_Classification,INT8,NPU,29,17.173,96.76%
MobileNetV4-Large,Rock_Classification,INT8,NPU,30,16.045,96.76%
MobileNetV4-Large,Rock_Classification,INT8,NPU,31,16.924,96.76%
MobileNetV4-Large,Rock_Classification,INT8,NPU,32,17.592,96.76%
MobileNetV4-Large,Rock_Classification,INT8,NPU,33,17.892,96.76%
MobileNetV4-Large,Rock_Classification,INT8,NPU,34,17.192,96.76%
MobileNetV4-Large,Rock_Classification,INT8,NPU,35,17.324,96.76%
MobileNetV4-Large,Rock_Classification,INT8,NPU,36,16.492,96.76%
MobileNetV4-Large,Rock_Classification,INT8,NPU,37,16.485,96.76%
MobileNetV4-Large,Rock_Classification,INT8,NPU,38,17.093,96.76%
MobileNetV4-Large,Rock_Classification,INT8,NPU,39,16.191,96.76%
MobileNetV4-Large,Rock_Classification,INT8,NPU,40,17.301,96.76%
MobileNetV4-Large,Rock_Classification,INT8,NPU,41,16.523,96.76%
MobileNetV4-Large,Rock_Classification,INT8,NPU,42,17.672,96.76%
MobileNetV4-Large,Rock_Classification,INT8,NPU,43,16.534,96.76%
MobileNetV4-Large,Rock_Classification,INT8,NPU,44,18.12,96.76%
MobileNetV4-Large,Rock_Classification,INT8,NPU,45,17.915,96.76%
MobileNetV4-Large,Rock_Classification,INT8,NPU,46,16.027,96.76%
MobileNetV4-Large,Rock_Classification,INT8,NPU,47,17.767,96.76%
MobileNetV4-Large,Rock_Classification,INT8,NPU,48,16.435,96.76%
MobileNetV4-Large,Rock_Classification,INT8,NPU,49,16.388,96.76%
MobileNetV4-Large,Rock_Classification,INT8,NPU,50,16.132,96.76%
MobileNetV4-Large,Rock_Classification,INT8,NPU,51,16.176,96.76%
MobileNetV4-Large,Rock_Classification,INT8,NPU,52,17.695,96.76%
MobileNetV4-Large,Rock_Classification,INT8,NPU,53,17.0,96.76%
MobileNetV4-Large,Rock_Classification,INT8,NPU,54,16.191,96.76%
MobileNetV4-Large,Rock_Classification,INT8,NPU,55,16.344,96.76%
MobileNetV4-Large,Rock_Classification,INT8,NPU,56,16.464,96.76%
MobileNetV4-Large,Rock_Classification,INT8,NPU,57,16.943,96.76%
MobileNetV4-Large,Rock_Classification,INT8,NPU,58,16.766,96.76%
MobileNetV4-Large,Rock_Classification,INT8,NPU,59,17.457,96.76%
MobileNetV4-Large,Rock_Classification,INT8,NPU,60,16.674,96.76%
MobileNetV4-Large,Rock_Classification,INT8,NPU,61,17.0,96.76%
MobileNetV4-Large,Rock_Classification,INT8,NPU,62,17.655,96.76%
MobileNetV4-Large,Rock_Classification,INT8,NPU,63,16.813,96.76%
MobileNetV4-Large,Rock_Classification,INT8,NPU,64,17.814,96.76%
MobileNetV4-Large,Rock_Classification,INT8,NPU,65,16.621,96.76%
MobileNetV4-Large,Rock_Classification,INT8,NPU,66,16.552,96.76%
MobileNetV4-Large,Rock_Classification,INT8,NPU,67,17.549,96.76%
MobileNetV4-Large,Rock_Classification,INT8,NPU,68,16.429,96.76%
MobileNetV4-Large,Rock_Classification,INT8,NPU,69,15.853,96.76%
MobileNetV4-Large,Rock_Classification,INT8,NPU,70,16.558,96.76%
MobileNetV4-Large,Rock_Classification,INT8,NPU,71,16.646,96.76%
MobileNetV4-Large,Rock_Classification,INT8,NPU,72,16.784,96.76%
MobileNetV4-Large,Rock_Classification,INT8,NPU,73,18.014,96.76%
MobileNetV4-Large,Rock_Classification,INT8,NPU,74,16.597,96.76%
MobileNetV4-Large,Rock_Classification,INT8,NPU,75,14.837,96.76%
MobileNetV4-Large,Rock_Classification,INT8,NPU,76,16.889,96.76%
MobileNetV4-Large,Rock_Classification,INT8,NPU,77,17.482,96.76%
MobileNetV4-Large,Rock_Classification,INT8,NPU,78,15.886,96.76%
MobileNetV4-Large,Rock_Classification,INT8,NPU,79,16.949,96.76%
MobileNetV4-Large,Rock_Classification,INT8,NPU,80,16.185,96.76%
MobileNetV4-Large,Rock_Classification,INT8,NPU,81,16.319,96.76%
MobileNetV4-Large,Rock_Classification,INT8,NPU,82,16.457,96.76%
MobileNetV4-Large,Rock_Classification,INT8,NPU,83,17.2,96.76%
MobileNetV4-Large,Rock_Classification,INT8,NPU,84,17.348,96.76%
MobileNetV4-Large,Rock_Classification,INT8,NPU,85,17.478,96.76%
MobileNetV4-Large,Rock_Classification,INT8,NPU,86,17.11,96.76%
MobileNetV4-Large,Rock_Classification,INT8,NPU,87,17.151,96.76%
MobileNetV4-Large,Rock_Classification,INT8,NPU,88,16.629,96.76%
MobileNetV4-Large,Rock_Classification,INT8,NPU,89,16.972,96.76%
MobileNetV4-Large,Rock_Classification,INT8,NPU,90,16.679,96.76%
MobileNetV4-Large,Rock_Classification,INT8,NPU,91,16.475,96.76%
MobileNetV4-Large,Rock_Classification,INT8,NPU,92,16.521,96.76%
MobileNetV4-Large,Rock_Classification,INT8,NPU,93,16.735,96.76%
MobileNetV4-Large,Rock_Classification,INT8,NPU,94,17.447,96.76%
MobileNetV4-Large,Rock_Classification,INT8,NPU,95,17.31,96.76%
MobileNetV4-Large,Rock_Classification,INT8,NPU,96,16.118,96.76%
MobileNetV4-Large,Rock_Classification,INT8,NPU,97,16.362,96.76%
MobileNetV4-Large,Rock_Classification,INT8,NPU,98,17.605,96.76%
MobileNetV4-Large,Rock_Classification,INT8,NPU,99,16.502,96.76%
MobileNetV4-Large,Rock_Classification,INT8,NPU,100,17.029,96.76%
MobileNetV4-Large,Rock_Classification,INT8,GPU,1,125.689,96.76%
MobileNetV4-Large,Rock_Classification,INT8,GPU,2,116.854,96.76%
MobileNetV4-Large,Rock_Classification,INT8,GPU,3,129.958,96.76%
MobileNetV4-Large,Rock_Classification,INT8,GPU,4,134.027,96.76%
MobileNetV4-Large,Rock_Classification,INT8,GPU,5,117.178,96.76%
MobileNetV4-Large,Rock_Classification,INT8,GPU,6,128.62,96.76%
MobileNetV4-Large,Rock_Classification,INT8,GPU,7,130.405,96.76%
MobileNetV4-Large,Rock_Classification,INT8,GPU,8,128.854,96.76%
MobileNetV4-Large,Rock_Classification,INT8,GPU,9,129.506,96.76%
MobileNetV4-Large,Rock_Classification,INT8,GPU,10,122.923,96.76%
MobileNetV4-Large,Rock_Classification,INT8,GPU,11,127.234,96.76%
MobileNetV4-Large,Rock_Classification,INT8,GPU,12,123.923,96.76%
MobileNetV4-Large,Rock_Classification,INT8,GPU,13,132.67,96.76%
MobileNetV4-Large,Rock_Classification,INT8,GPU,14,131.1,96.76%
MobileNetV4-Large,Rock_Classification,INT8,GPU,15,131.092,96.76%
MobileNetV4-Large,Rock_Classification,INT8,GPU,16,130.359,96.76%
MobileNetV4-Large,Rock_Classification,INT8,GPU,17,128.038,96.76%
MobileNetV4-Large,Rock_Classification,INT8,GPU,18,128.152,96.76%
MobileNetV4-Large,Rock_Classification,INT8,GPU,19,133.169,96.76%
MobileNetV4-Large,Rock_Classification,INT8,GPU,20,132.092,96.76%
MobileNetV4-Large,Rock_Classification,INT8,GPU,21,125.411,96.76%
MobileNetV4-Large,Rock_Classification,INT8,GPU,22,124.795,96.76%
MobileNetV4-Large,Rock_Classification,INT8,GPU,23,134.81,96.76%
MobileNetV4-Large,Rock_Classification,INT8,GPU,24,121.345,96.76%
MobileNetV4-Large,Rock_Classification,INT8,GPU,25,123.325,96.76%
MobileNetV4-Large,Rock_Classification,INT8,GPU,26,137.895,96.76%
MobileNetV4-Large,Rock_Classification,INT8,GPU,27,121.122,96.76%
MobileNetV4-Large,Rock_Classification,INT8,GPU,28,126.898,96.76%
MobileNetV4-Large,Rock_Classification,INT8,GPU,29,134.758,96.76%
MobileNetV4-Large,Rock_Classification,INT8,GPU,30,127.159,96.76%
MobileNetV4-Large,Rock_Classification,INT8,GPU,31,130.972,96.76%
MobileNetV4-Large,Rock_Classification,INT8,GPU,32,126.925,96.76%
MobileNetV4-Large,Rock_Classification,INT8,GPU,33,135.511,96.76%
MobileNetV4-Large,Rock_Classification,INT8,GPU,34,128.785,96.76%
MobileNetV4-Large,Rock_Classification,INT8,GPU,35,135.96,96.76%
MobileNetV4-Large,Rock_Classification,INT8,GPU,36,135.185,96.76%
MobileNetV4-Large,Rock_Classification,INT8,GPU,37,124.175,96.76%
MobileNetV4-Large,Rock_Classification,INT8,GPU,38,119.302,96.76%
MobileNetV4-Large,Rock_Classification,INT8,GPU,39,118.886,96.76%
MobileNetV4-Large,Rock_Classification,INT8,GPU,40,118.743,96.76%
MobileNetV4-Large,Rock_Classification,INT8,GPU,41,127.348,96.76%
MobileNetV4-Large,Rock_Classification,INT8,GPU,42,130.919,96.76%
MobileNetV4-Large,Rock_Classification,INT8,GPU,43,122.538,96.76%
MobileNetV4-Large,Rock_Classification,INT8,GPU,44,134.384,96.76%
MobileNetV4-Large,Rock_Classification,INT8,GPU,45,132.621,96.76%
MobileNetV4-Large,Rock_Classification,INT8,GPU,46,126.304,96.76%
MobileNetV4-Large,Rock_Classification,INT8,GPU,47,119.714,96.76%
MobileNetV4-Large,Rock_Classification,INT8,GPU,48,125.392,96.76%
MobileNetV4-Large,Rock_Classification,INT8,GPU,49,125.994,96.76%
MobileNetV4-Large,Rock_Classification,INT8,GPU,50,124.579,96.76%
MobileNetV4-Large,Rock_Classification,INT8,GPU,51,125.222,96.76%
MobileNetV4-Large,Rock_Classification,INT8,GPU,52,122.314,96.76%
MobileNetV4-Large,Rock_Classification,INT8,GPU,53,121.939,96.76%
MobileNetV4-Large,Rock_Classification,INT8,GPU,54,127.951,96.76%
MobileNetV4-Large,Rock_Classification,INT8,GPU,55,125.105,96.76%
MobileNetV4-Large,Rock_Classification,INT8,GPU,56,121.796,96.76%
MobileNetV4-Large,Rock_Classification,INT8,GPU,57,135.008,96.76%
MobileNetV4-Large,Rock_Classification,INT8,GPU,58,127.002,96.76%
MobileNetV4-Large,Rock_Classification,INT8,GPU,59,124.659,96.76%
MobileNetV4-Large,Rock_Classification,INT8,GPU,60,133.78,96.76%
MobileNetV4-Large,Rock_Classification,INT8,GPU,61,128.715,96.76%
MobileNetV4-Large,Rock_Classification,INT8,GPU,62,123.887,96.76%
MobileNetV4-Large,Rock_Classification,INT8,GPU,63,128.662,96.76%
MobileNetV4-Large,Rock_Classification,INT8,GPU,64,122.595,96.76%
MobileNetV4-Large,Rock_Classification,INT8,GPU,65,129.284,96.76%
MobileNetV4-Large,Rock_Classification,INT8,GPU,66,131.558,96.76%
MobileNetV4-Large,Rock_Classification,INT8,GPU,67,127.814,96.76%
MobileNetV4-Large,Rock_Classification,INT8,GPU,68,126.172,96.76%
MobileNetV4-Large,Rock_Classification,INT8,GPU,69,137.888,96.76%
MobileNetV4-Large,Rock_Classification,INT8,GPU,70,121.466,96.76%
MobileNetV4-Large,Rock_Classification,INT8,GPU,71,134.325,96.76%
MobileNetV4-Large,Rock_Classification,INT8,GPU,72,149.183,96.76%
MobileNetV4-Large,Rock_Classification,INT8,GPU,73,115.201,96.76%
MobileNetV4-Large,Rock_Classification,INT8,GPU,74,136.803,96.76%
MobileNetV4-Large,Rock_Classification,INT8,GPU,75,118.199,96.76%
MobileNetV4-Large,Rock_Classification,INT8,GPU,76,135.367,96.76%
MobileNetV4-Large,Rock_Classification,INT8,GPU,77,131.967,96.76%
MobileNetV4-Large,Rock_Classification,INT8,GPU,78,124.446,96.76%
MobileNetV4-Large,Rock_Classification,INT8,GPU,79,118.799,96.76%
MobileNetV4-Large,Rock_Classification,INT8,GPU,80,133.315,96.76%
MobileNetV4-Large,Rock_Classification,INT8,GPU,81,121.839,96.76%
MobileNetV4-Large,Rock_Classification,INT8,GPU,82,136.241,96.76%
MobileNetV4-Large,Rock_Classification,INT8,GPU,83,125.467,96.76%
MobileNetV4-Large,Rock_Classification,INT8,GPU,84,137.158,96.76%
MobileNetV4-Large,Rock_Classification,INT8,GPU,85,124.161,96.76%
MobileNetV4-Large,Rock_Classification,INT8,GPU,86,142.142,96.76%
MobileNetV4-Large,Rock_Classification,INT8,GPU,87,128.949,96.76%
MobileNetV4-Large,Rock_Classification,INT8,GPU,88,126.416,96.76%
MobileNetV4-Large,Rock_Classification,INT8,GPU,89,118.594,96.76%
MobileNetV4-Large,Rock_Classification,INT8,GPU,90,128.098,96.76%
MobileNetV4-Large,Rock_Classification,INT8,GPU,91,125.917,96.76%
MobileNetV4-Large,Rock_Classification,INT8,GPU,92,124.701,96.76%
MobileNetV4-Large,Rock_Classification,INT8,GPU,93,119.064,96.76%
MobileNetV4-Large,Rock_Classification,INT8,GPU,94,114.02,96.76%
MobileNetV4-Large,Rock_Classification,INT8,GPU,95,128.02,96.76%
MobileNetV4-Large,Rock_Classification,INT8,GPU,96,129.858,96.76%
MobileNetV4-Large,Rock_Classification,INT8,GPU,97,135.583,96.76%
MobileNetV4-Large,Rock_Classification,INT8,GPU,98,132.389,96.76%
MobileNetV4-Large,Rock_Classification,INT8,GPU,99,132.571,96.76%
MobileNetV4-Large,Rock_Classification,INT8,GPU,100,130.745,96.76%
MobileNetV4-Large,Rock_Classification,INT8,CPU,1,129.77,96.76%
MobileNetV4-Large,Rock_Classification,INT8,CPU,2,149.477,96.76%
MobileNetV4-Large,Rock_Classification,INT8,CPU,3,139.354,96.76%
MobileNetV4-Large,Rock_Classification,INT8,CPU,4,142.211,96.76%
MobileNetV4-Large,Rock_Classification,INT8,CPU,5,138.571,96.76%
MobileNetV4-Large,Rock_Classification,INT8,CPU,6,145.099,96.76%
MobileNetV4-Large,Rock_Classification,INT8,CPU,7,138.857,96.76%
MobileNetV4-Large,Rock_Classification,INT8,CPU,8,142.297,96.76%
MobileNetV4-Large,Rock_Classification,INT8,CPU,9,150.287,96.76%
MobileNetV4-Large,Rock_Classification,INT8,CPU,10,144.863,96.76%
MobileNetV4-Large,Rock_Classification,INT8,CPU,11,146.18,96.76%
MobileNetV4-Large,Rock_Classification,INT8,CPU,12,147.525,96.76%
MobileNetV4-Large,Rock_Classification,INT8,CPU,13,135.522,96.76%
MobileNetV4-Large,Rock_Classification,INT8,CPU,14,149.478,96.76%
MobileNetV4-Large,Rock_Classification,INT8,CPU,15,142.909,96.76%
MobileNetV4-Large,Rock_Classification,INT8,CPU,16,146.656,96.76%
MobileNetV4-Large,Rock_Classification,INT8,CPU,17,144.273,96.76%
MobileNetV4-Large,Rock_Classification,INT8,CPU,18,139.401,96.76%
MobileNetV4-Large,Rock_Classification,INT8,CPU,19,145.185,96.76%
MobileNetV4-Large,Rock_Classification,INT8,CPU,20,139.782,96.76%
MobileNetV4-Large,Rock_Classification,INT8,CPU,21,150.909,96.76%
MobileNetV4-Large,Rock_Classification,INT8,CPU,22,143.611,96.76%
MobileNetV4-Large,Rock_Classification,INT8,CPU,23,143.44,96.76%
MobileNetV4-Large,Rock_Classification,INT8,CPU,24,139.861,96.76%
MobileNetV4-Large,Rock_Classification,INT8,CPU,25,142.467,96.76%
MobileNetV4-Large,Rock_Classification,INT8,CPU,26,150.131,96.76%
MobileNetV4-Large,Rock_Classification,INT8,CPU,27,146.476,96.76%
MobileNetV4-Large,Rock_Classification,INT8,CPU,28,146.212,96.76%
MobileNetV4-Large,Rock_Classification,INT8,CPU,29,147.902,96.76%
MobileNetV4-Large,Rock_Classification,INT8,CPU,30,137.776,96.76%
MobileNetV4-Large,Rock_Classification,INT8,CPU,31,142.21,96.76%
MobileNetV4-Large,Rock_Classification,INT8,CPU,32,138.962,96.76%
MobileNetV4-Large,Rock_Classification,INT8,CPU,33,146.823,96.76%
MobileNetV4-Large,Rock_Classification,INT8,CPU,34,143.25,96.76%
MobileNetV4-Large,Rock_Classification,INT8,CPU,35,142.041,96.76%
MobileNetV4-Large,Rock_Classification,INT8,CPU,36,147.682,96.76%
MobileNetV4-Large,Rock_Classification,INT8,CPU,37,140.248,96.76%
MobileNetV4-Large,Rock_Classification,INT8,CPU,38,148.923,96.76%
MobileNetV4-Large,Rock_Classification,INT8,CPU,39,145.04,96.76%
MobileNetV4-Large,Rock_Classification,INT8,CPU,40,140.152,96.76%
MobileNetV4-Large,Rock_Classification,INT8,CPU,41,146.801,96.76%
MobileNetV4-Large,Rock_Classification,INT8,CPU,42,148.951,96.76%
MobileNetV4-Large,Rock_Classification,INT8,CPU,43,133.171,96.76%
MobileNetV4-Large,Rock_Classification,INT8,CPU,44,148.89,96.76%
MobileNetV4-Large,Rock_Classification,INT8,CPU,45,141.643,96.76%
MobileNetV4-Large,Rock_Classification,INT8,CPU,46,142.629,96.76%
MobileNetV4-Large,Rock_Classification,INT8,CPU,47,147.741,96.76%
MobileNetV4-Large,Rock_Classification,INT8,CPU,48,147.634,96.76%
MobileNetV4-Large,Rock_Classification,INT8,CPU,49,139.168,96.76%
MobileNetV4-Large,Rock_Classification,INT8,CPU,50,152.78,96.76%
MobileNetV4-Large,Rock_Classification,INT8,CPU,51,133.452,96.76%
MobileNetV4-Large,Rock_Classification,INT8,CPU,52,141.201,96.76%
MobileNetV4-Large,Rock_Classification,INT8,CPU,53,141.281,96.76%
MobileNetV4-Large,Rock_Classification,INT8,CPU,54,144.44,96.76%
MobileNetV4-Large,Rock_Classification,INT8,CPU,55,151.322,96.76%
MobileNetV4-Large,Rock_Classification,INT8,CPU,56,147.21,96.76%
MobileNetV4-Large,Rock_Classification,INT8,CPU,57,142.089,96.76%
MobileNetV4-Large,Rock_Classification,INT8,CPU,58,155.373,96.76%
MobileNetV4-Large,Rock_Classification,INT8,CPU,59,134.078,96.76%
MobileNetV4-Large,Rock_Classification,INT8,CPU,60,137.058,96.76%
MobileNetV4-Large,Rock_Classification,INT8,CPU,61,138.135,96.76%
MobileNetV4-Large,Rock_Classification,INT8,CPU,62,145.952,96.76%
MobileNetV4-Large,Rock_Classification,INT8,CPU,63,141.081,96.76%
MobileNetV4-Large,Rock_Classification,INT8,CPU,64,129.022,96.76%
MobileNetV4-Large,Rock_Classification,INT8,CPU,65,146.561,96.76%
MobileNetV4-Large,Rock_Classification,INT8,CPU,66,131.52,96.76%
MobileNetV4-Large,Rock_Classification,INT8,CPU,67,144.559,96.76%
MobileNetV4-Large,Rock_Classification,INT8,CPU,68,143.218,96.76%
MobileNetV4-Large,Rock_Classification,INT8,CPU,69,147.042,96.76%
MobileNetV4-Large,Rock_Classification,INT8,CPU,70,141.326,96.76%
MobileNetV4-Large,Rock_Classification,INT8,CPU,71,140.037,96.76%
MobileNetV4-Large,Rock_Classification,INT8,CPU,72,152.588,96.76%
MobileNetV4-Large,Rock_Classification,INT8,CPU,73,145.891,96.76%
MobileNetV4-Large,Rock_Classification,INT8,CPU,74,147.339,96.76%
MobileNetV4-Large,Rock_Classification,INT8,CPU,75,141.111,96.76%
MobileNetV4-Large,Rock_Classification,INT8,CPU,76,137.632,96.76%
MobileNetV4-Large,Rock_Classification,INT8,CPU,77,141.23,96.76%
MobileNetV4-Large,Rock_Classification,INT8,CPU,78,142.146,96.76%
MobileNetV4-Large,Rock_Classification,INT8,CPU,79,147.501,96.76%
MobileNetV4-Large,Rock_Classification,INT8,CPU,80,138.026,96.76%
MobileNetV4-Large,Rock_Classification,INT8,CPU,81,149.904,96.76%
MobileNetV4-Large,Rock_Classification,INT8,CPU,82,133.556,96.76%
MobileNetV4-Large,Rock_Classification,INT8,CPU,83,141.099,96.76%
MobileNetV4-Large,Rock_Classification,INT8,CPU,84,135.926,96.76%
MobileNetV4-Large,Rock_Classification,INT8,CPU,85,134.818,96.76%
MobileNetV4-Large,Rock_Classification,INT8,CPU,86,139.264,96.76%
MobileNetV4-Large,Rock_Classification,INT8,CPU,87,140.048,96.76%
MobileNetV4-Large,Rock_Classification,INT8,CPU,88,149.483,96.76%
MobileNetV4-Large,Rock_Classification,INT8,CPU,89,134.905,96.76%
MobileNetV4-Large,Rock_Classification,INT8,CPU,90,145.274,96.76%
MobileNetV4-Large,Rock_Classification,INT8,CPU,91,140.808,96.76%
MobileNetV4-Large,Rock_Classification,INT8,CPU,92,148.381,96.76%
MobileNetV4-Large,Rock_Classification,INT8,CPU,93,132.917,96.76%
MobileNetV4-Large,Rock_Classification,INT8,CPU,94,155.932,96.76%
MobileNetV4-Large,Rock_Classification,INT8,CPU,95,143.538,96.76%
MobileNetV4-Large,Rock_Classification,INT8,CPU,96,136.494,96.76%
MobileNetV4-Large,Rock_Classification,INT8,CPU,97,144.169,96.76%
MobileNetV4-Large,Rock_Classification,INT8,CPU,98,142.571,96.76%
MobileNetV4-Large,Rock_Classification,INT8,CPU,99,132.832,96.76%
MobileNetV4-Large,Rock_Classification,INT8,CPU,100,142.781,96.76%
MobileNetV4-Large,Rock_Classification,INT4,NPU,1,13.056,96.76%
MobileNetV4-Large,Rock_Classification,INT4,NPU,2,13.411,96.76%
MobileNetV4-Large,Rock_Classification,INT4,NPU,3,14.261,96.76%
MobileNetV4-Large,Rock_Classification,INT4,NPU,4,13.287,96.76%
MobileNetV4-Large,Rock_Classification,INT4,NPU,5,13.651,96.76%
MobileNetV4-Large,Rock_Classification,INT4,NPU,6,14.029,96.76%
MobileNetV4-Large,Rock_Classification,INT4,NPU,7,13.375,96.76%
MobileNetV4-Large,Rock_Classification,INT4,NPU,8,13.889,96.76%
MobileNetV4-Large,Rock_Classification,INT4,NPU,9,13.409,96.76%
MobileNetV4-Large,Rock_Classification,INT4,NPU,10,14.645,96.76%
MobileNetV4-Large,Rock_Classification,INT4,NPU,11,13.886,96.76%
MobileNetV4-Large,Rock_Classification,INT4,NPU,12,14.002,96.76%
MobileNetV4-Large,Rock_Classification,INT4,NPU,13,13.56,96.76%
MobileNetV4-Large,Rock_Classification,INT4,NPU,14,13.201,96.76%
MobileNetV4-Large,Rock_Classification,INT4,NPU,15,14.204,96.76%
MobileNetV4-Large,Rock_Classification,INT4,NPU,16,13.488,96.76%
MobileNetV4-Large,Rock_Classification,INT4,NPU,17,13.012,96.76%
MobileNetV4-Large,Rock_Classification,INT4,NPU,18,14.193,96.76%
MobileNetV4-Large,Rock_Classification,INT4,NPU,19,13.672,96.76%
MobileNetV4-Large,Rock_Classification,INT4,NPU,20,12.983,96.76%
MobileNetV4-Large,Rock_Classification,INT4,NPU,21,13.729,96.76%
MobileNetV4-Large,Rock_Classification,INT4,NPU,22,12.425,96.76%
MobileNetV4-Large,Rock_Classification,INT4,NPU,23,13.167,96.76%
MobileNetV4-Large,Rock_Classification,INT4,NPU,24,13.416,96.76%
MobileNetV4-Large,Rock_Classification,INT4,NPU,25,13.368,96.76%
MobileNetV4-Large,Rock_Classification,INT4,NPU,26,12.819,96.76%
MobileNetV4-Large,Rock_Classification,INT4,NPU,27,12.671,96.76%
MobileNetV4-Large,Rock_Classification,INT4,NPU,28,13.558,96.76%
MobileNetV4-Large,Rock_Classification,INT4,NPU,29,13.368,96.76%
MobileNetV4-Large,Rock_Classification,INT4,NPU,30,12.554,96.76%
MobileNetV4-Large,Rock_Classification,INT4,NPU,31,13.464,96.76%
MobileNetV4-Large,Rock_Classification,INT4,NPU,32,13.65,96.76%
MobileNetV4-Large,Rock_Classification,INT4,NPU,33,12.353,96.76%
MobileNetV4-Large,Rock_Classification,INT4,NPU,34,15.035,96.76%
MobileNetV4-Large,Rock_Classification,INT4,NPU,35,13.658,96.76%
MobileNetV4-Large,Rock_Classification,INT4,NPU,36,13.763,96.76%
MobileNetV4-Large,Rock_Classification,INT4,NPU,37,13.403,96.76%
MobileNetV4-Large,Rock_Classification,INT4,NPU,38,14.028,96.76%
MobileNetV4-Large,Rock_Classification,INT4,NPU,39,12.675,96.76%
MobileNetV4-Large,Rock_Classification,INT4,NPU,40,13.869,96.76%
MobileNetV4-Large,Rock_Classification,INT4,NPU,41,13.334,96.76%
MobileNetV4-Large,Rock_Classification,INT4,NPU,42,12.884,96.76%
MobileNetV4-Large,Rock_Classification,INT4,NPU,43,13.215,96.76%
MobileNetV4-Large,Rock_Classification,INT4,NPU,44,12.826,96.76%
MobileNetV4-Large,Rock_Classification,INT4,NPU,45,13.445,96.76%
MobileNetV4-Large,Rock_Classification,INT4,NPU,46,13.152,96.76%
MobileNetV4-Large,Rock_Classification,INT4,NPU,47,14.253,96.76%
MobileNetV4-Large,Rock_Classification,INT4,NPU,48,12.615,96.76%
MobileNetV4-Large,Rock_Classification,INT4,NPU,49,13.599,96.76%
MobileNetV4-Large,Rock_Classification,INT4,NPU,50,13.011,96.76%
MobileNetV4-Large,Rock_Classification,INT4,NPU,51,13.879,96.76%
MobileNetV4-Large,Rock_Classification,INT4,NPU,52,13.62,96.76%
MobileNetV4-Large,Rock_Classification,INT4,NPU,53,13.517,96.76%
MobileNetV4-Large,Rock_Classification,INT4,NPU,54,14.118,96.76%
MobileNetV4-Large,Rock_Classification,INT4,NPU,55,13.275,96.76%
MobileNetV4-Large,Rock_Classification,INT4,NPU,56,13.949,96.76%
MobileNetV4-Large,Rock_Classification,INT4,NPU,57,14.33,96.76%
MobileNetV4-Large,Rock_Classification,INT4,NPU,58,12.988,96.76%
MobileNetV4-Large,Rock_Classification,INT4,NPU,59,14.172,96.76%
MobileNetV4-Large,Rock_Classification,INT4,NPU,60,13.644,96.76%
MobileNetV4-Large,Rock_Classification,INT4,NPU,61,14.694,96.76%
MobileNetV4-Large,Rock_Classification,INT4,NPU,62,13.835,96.76%
MobileNetV4-Large,Rock_Classification,INT4,NPU,63,13.145,96.76%
MobileNetV4-Large,Rock_Classification,INT4,NPU,64,13.008,96.76%
MobileNetV4-Large,Rock_Classification,INT4,NPU,65,13.239,96.76%
MobileNetV4-Large,Rock_Classification,INT4,NPU,66,13.288,96.76%
MobileNetV4-Large,Rock_Classification,INT4,NPU,67,14.092,96.76%
MobileNetV4-Large,Rock_Classification,INT4,NPU,68,14.152,96.76%
MobileNetV4-Large,Rock_Classification,INT4,NPU,69,13.437,96.76%
MobileNetV4-Large,Rock_Classification,INT4,NPU,70,13.458,96.76%
MobileNetV4-Large,Rock_Classification,INT4,NPU,71,14.861,96.76%
MobileNetV4-Large,Rock_Classification,INT4,NPU,72,13.259,96.76%
MobileNetV4-Large,Rock_Classification,INT4,NPU,73,12.911,96.76%
MobileNetV4-Large,Rock_Classification,INT4,NPU,74,11.894,96.76%
MobileNetV4-Large,Rock_Classification,INT4,NPU,75,14.092,96.76%
MobileNetV4-Large,Rock_Classification,INT4,NPU,76,14.145,96.76%
MobileNetV4-Large,Rock_Classification,INT4,NPU,77,13.667,96.76%
MobileNetV4-Large,Rock_Classification,INT4,NPU,78,13.055,96.76%
MobileNetV4-Large,Rock_Classification,INT4,NPU,79,13.283,96.76%
MobileNetV4-Large,Rock_Classification,INT4,NPU,80,12.549,96.76%
MobileNetV4-Large,Rock_Classification,INT4,NPU,81,12.97,96.76%
MobileNetV4-Large,Rock_Classification,INT4,NPU,82,13.38,96.76%
MobileNetV4-Large,Rock_Classification,INT4,NPU,83,13.274,96.76%
MobileNetV4-Large,Rock_Classification,INT4,NPU,84,12.995,96.76%
MobileNetV4-Large,Rock_Classification,INT4,NPU,85,14.14,96.76%
MobileNetV4-Large,Rock_Classification,INT4,NPU,86,13.71,96.76%
MobileNetV4-Large,Rock_Classification,INT4,NPU,87,13.818,96.76%
MobileNetV4-Large,Rock_Classification,INT4,NPU,88,12.935,96.76%
MobileNetV4-Large,Rock_Classification,INT4,NPU,89,13.921,96.76%
MobileNetV4-Large,Rock_Classification,INT4,NPU,90,13.357,96.76%
MobileNetV4-Large,Rock_Classification,INT4,NPU,91,13.384,96.76%
MobileNetV4-Large,Rock_Classification,INT4,NPU,92,13.126,96.76%
MobileNetV4-Large,Rock_Classification,INT4,NPU,93,14.343,96.76%
MobileNetV4-Large,Rock_Classification,INT4,NPU,94,12.617,96.76%
MobileNetV4-Large,Rock_Classification,INT4,NPU,95,13.779,96.76%
MobileNetV4-Large,Rock_Classification,INT4,NPU,96,13.786,96.76%
MobileNetV4-Large,Rock_Classification,INT4,NPU,97,13.08,96.76%
MobileNetV4-Large,Rock_Classification,INT4,NPU,98,13.15,96.76%
MobileNetV4-Large,Rock_Classification,INT4,NPU,99,13.579,96.76%
MobileNetV4-Large,Rock_Classification,INT4,NPU,100,13.269,96.76%
MobileNetV4-Large,Rock_Classification,INT4,GPU,1,104.765,96.76%
MobileNetV4-Large,Rock_Classification,INT4,GPU,2,100.12,96.76%
MobileNetV4-Large,Rock_Classification,INT4,GPU,3,106.355,96.76%
MobileNetV4-Large,Rock_Classification,INT4,GPU,4,106.342,96.76%
MobileNetV4-Large,Rock_Classification,INT4,GPU,5,107.095,96.76%
MobileNetV4-Large,Rock_Classification,INT4,GPU,6,109.233,96.76%
MobileNetV4-Large,Rock_Classification,INT4,GPU,7,106.457,96.76%
MobileNetV4-Large,Rock_Classification,INT4,GPU,8,103.143,96.76%
MobileNetV4-Large,Rock_Classification,INT4,GPU,9,103.184,96.76%
MobileNetV4-Large,Rock_Classification,INT4,GPU,10,101.515,96.76%
MobileNetV4-Large,Rock_Classification,INT4,GPU,11,104.044,96.76%
MobileNetV4-Large,Rock_Classification,INT4,GPU,12,105.384,96.76%
MobileNetV4-Large,Rock_Classification,INT4,GPU,13,102.903,96.76%
MobileNetV4-Large,Rock_Classification,INT4,GPU,14,101.964,96.76%
MobileNetV4-Large,Rock_Classification,INT4,GPU,15,106.067,96.76%
MobileNetV4-Large,Rock_Classification,INT4,GPU,16,103.968,96.76%
MobileNetV4-Large,Rock_Classification,INT4,GPU,17,114.912,96.76%
MobileNetV4-Large,Rock_Classification,INT4,GPU,18,109.082,96.76%
MobileNetV4-Large,Rock_Classification,INT4,GPU,19,109.529,96.76%
MobileNetV4-Large,Rock_Classification,INT4,GPU,20,111.028,96.76%
MobileNetV4-Large,Rock_Classification,INT4,GPU,21,105.847,96.76%
MobileNetV4-Large,Rock_Classification,INT4,GPU,22,109.461,96.76%
MobileNetV4-Large,Rock_Classification,INT4,GPU,23,100.739,96.76%
MobileNetV4-Large,Rock_Classification,INT4,GPU,24,104.884,96.76%
MobileNetV4-Large,Rock_Classification,INT4,GPU,25,109.474,96.76%
MobileNetV4-Large,Rock_Classification,INT4,GPU,26,106.696,96.76%
MobileNetV4-Large,Rock_Classification,INT4,GPU,27,104.004,96.76%
MobileNetV4-Large,Rock_Classification,INT4,GPU,28,103.424,96.76%
MobileNetV4-Large,Rock_Classification,INT4,GPU,29,116.016,96.76%
MobileNetV4-Large,Rock_Classification,INT4,GPU,30,104.967,96.76%
MobileNetV4-Large,Rock_Classification,INT4,GPU,31,98.427,96.76%
MobileNetV4-Large,Rock_Classification,INT4,GPU,32,105.824,96.76%
MobileNetV4-Large,Rock_Classification,INT4,GPU,33,111.716,96.76%
MobileNetV4-Large,Rock_Classification,INT4,GPU,34,102.882,96.76%
MobileNetV4-Large,Rock_Classification,INT4,GPU,35,103.852,96.76%
MobileNetV4-Large,Rock_Classification,INT4,GPU,36,109.39,96.76%
MobileNetV4-Large,Rock_Classification,INT4,GPU,37,104.828,96.76%
MobileNetV4-Large,Rock_Classification,INT4,GPU,38,105.154,96.76%
MobileNetV4-Large,Rock_Classification,INT4,GPU,39,105.895,96.76%
MobileNetV4-Large,Rock_Classification,INT4,GPU,40,103.9,96.76%
MobileNetV4-Large,Rock_Classification,INT4,GPU,41,98.19,96.76%
MobileNetV4-Large,Rock_Classification,INT4,GPU,42,109.558,96.76%
MobileNetV4-Large,Rock_Classification,INT4,GPU,43,105.683,96.76%
MobileNetV4-Large,Rock_Classification,INT4,GPU,44,107.604,96.76%
MobileNetV4-Large,Rock_Classification,INT4,GPU,45,107.782,96.76%
MobileNetV4-Large,Rock_Classification,INT4,GPU,46,104.969,96.76%
MobileNetV4-Large,Rock_Classification,INT4,GPU,47,100.624,96.76%
MobileNetV4-Large,Rock_Classification,INT4,GPU,48,103.668,96.76%
MobileNetV4-Large,Rock_Classification,INT4,GPU,49,105.243,96.76%
MobileNetV4-Large,Rock_Classification,INT4,GPU,50,104.08,96.76%
MobileNetV4-Large,Rock_Classification,INT4,GPU,51,106.492,96.76%
MobileNetV4-Large,Rock_Classification,INT4,GPU,52,105.917,96.76%
MobileNetV4-Large,Rock_Classification,INT4,GPU,53,102.39,96.76%
MobileNetV4-Large,Rock_Classification,INT4,GPU,54,111.083,96.76%
MobileNetV4-Large,Rock_Classification,INT4,GPU,55,102.251,96.76%
MobileNetV4-Large,Rock_Classification,INT4,GPU,56,107.886,96.76%
MobileNetV4-Large,Rock_Classification,INT4,GPU,57,114.065,96.76%
MobileNetV4-Large,Rock_Classification,INT4,GPU,58,105.624,96.76%
MobileNetV4-Large,Rock_Classification,INT4,GPU,59,97.378,96.76%
MobileNetV4-Large,Rock_Classification,INT4,GPU,60,109.874,96.76%
MobileNetV4-Large,Rock_Classification,INT4,GPU,61,108.963,96.76%
MobileNetV4-Large,Rock_Classification,INT4,GPU,62,103.337,96.76%
MobileNetV4-Large,Rock_Classification,INT4,GPU,63,102.375,96.76%
MobileNetV4-Large,Rock_Classification,INT4,GPU,64,96.02,96.76%
MobileNetV4-Large,Rock_Classification,INT4,GPU,65,103.32,96.76%
MobileNetV4-Large,Rock_Classification,INT4,GPU,66,111.171,96.76%
MobileNetV4-Large,Rock_Classification,INT4,GPU,67,103.545,96.76%
MobileNetV4-Large,Rock_Classification,INT4,GPU,68,110.301,96.76%
MobileNetV4-Large,Rock_Classification,INT4,GPU,69,106.695,96.76%
MobileNetV4-Large,Rock_Classification,INT4,GPU,70,99.407,96.76%
MobileNetV4-Large,Rock_Classification,INT4,GPU,71,116.123,96.76%
MobileNetV4-Large,Rock_Classification,INT4,GPU,72,106.037,96.76%
MobileNetV4-Large,Rock_Classification,INT4,GPU,73,100.77,96.76%
MobileNetV4-Large,Rock_Classification,INT4,GPU,74,100.432,96.76%
MobileNetV4-Large,Rock_Classification,INT4,GPU,75,98.236,96.76%
MobileNetV4-Large,Rock_Classification,INT4,GPU,76,104.325,96.76%
MobileNetV4-Large,Rock_Classification,INT4,GPU,77,104.07,96.76%
MobileNetV4-Large,Rock_Classification,INT4,GPU,78,106.118,96.76%
MobileNetV4-Large,Rock_Classification,INT4,GPU,79,108.453,96.76%
MobileNetV4-Large,Rock_Classification,INT4,GPU,80,105.686,96.76%
MobileNetV4-Large,Rock_Classification,INT4,GPU,81,106.136,96.76%
MobileNetV4-Large,Rock_Classification,INT4,GPU,82,105.014,96.76%
MobileNetV4-Large,Rock_Classification,INT4,GPU,83,107.902,96.76%
MobileNetV4-Large,Rock_Classification,INT4,GPU,84,107.105,96.76%
MobileNetV4-Large,Rock_Classification,INT4,GPU,85,107.713,96.76%
MobileNetV4-Large,Rock_Classification,INT4,GPU,86,104.894,96.76%
MobileNetV4-Large,Rock_Classification,INT4,GPU,87,107.328,96.76%
MobileNetV4-Large,Rock_Classification,INT4,GPU,88,101.396,96.76%
MobileNetV4-Large,Rock_Classification,INT4,GPU,89,107.039,96.76%
MobileNetV4-Large,Rock_Classification,INT4,GPU,90,108.331,96.76%
MobileNetV4-Large,Rock_Classification,INT4,GPU,91,103.747,96.76%
MobileNetV4-Large,Rock_Classification,INT4,GPU,92,101.27,96.76%
MobileNetV4-Large,Rock_Classification,INT4,GPU,93,100.991,96.76%
MobileNetV4-Large,Rock_Classification,INT4,GPU,94,111.749,96.76%
MobileNetV4-Large,Rock_Classification,INT4,GPU,95,108.532,96.76%
MobileNetV4-Large,Rock_Classification,INT4,GPU,96,102.193,96.76%
MobileNetV4-Large,Rock_Classification,INT4,GPU,97,102.609,96.76%
MobileNetV4-Large,Rock_Classification,INT4,GPU,98,110.346,96.76%
MobileNetV4-Large,Rock_Classification,INT4,GPU,99,105.966,96.76%
MobileNetV4-Large,Rock_Classification,INT4,GPU,100,103.526,96.76%
MobileNetV4-Large,Rock_Classification,INT4,CPU,1,124.665,96.76%
MobileNetV4-Large,Rock_Classification,INT4,CPU,2,122.594,96.76%
MobileNetV4-Large,Rock_Classification,INT4,CPU,3,122.11,96.76%
MobileNetV4-Large,Rock_Classification,INT4,CPU,4,121.9,96.76%
MobileNetV4-Large,Rock_Classification,INT4,CPU,5,117.141,96.76%
MobileNetV4-Large,Rock_Classification,INT4,CPU,6,124.683,96.76%
MobileNetV4-Large,Rock_Classification,INT4,CPU,7,118.271,96.76%
MobileNetV4-Large,Rock_Classification,INT4,CPU,8,112.174,96.76%
MobileNetV4-Large,Rock_Classification,INT4,CPU,9,123.996,96.76%
MobileNetV4-Large,Rock_Classification,INT4,CPU,10,109.834,96.76%
MobileNetV4-Large,Rock_Classification,INT4,CPU,11,118.65,96.76%
MobileNetV4-Large,Rock_Classification,INT4,CPU,12,120.596,96.76%
MobileNetV4-Large,Rock_Classification,INT4,CPU,13,127.544,96.76%
MobileNetV4-Large,Rock_Classification,INT4,CPU,14,119.682,96.76%
MobileNetV4-Large,Rock_Classification,INT4,CPU,15,127.427,96.76%
MobileNetV4-Large,Rock_Classification,INT4,CPU,16,123.858,96.76%
MobileNetV4-Large,Rock_Classification,INT4,CPU,17,126.371,96.76%
MobileNetV4-Large,Rock_Classification,INT4,CPU,18,115.624,96.76%
MobileNetV4-Large,Rock_Classification,INT4,CPU,19,128.284,96.76%
MobileNetV4-Large,Rock_Classification,INT4,CPU,20,121.251,96.76%
MobileNetV4-Large,Rock_Classification,INT4,CPU,21,113.637,96.76%
MobileNetV4-Large,Rock_Classification,INT4,CPU,22,120.164,96.76%
MobileNetV4-Large,Rock_Classification,INT4,CPU,23,110.624,96.76%
MobileNetV4-Large,Rock_Classification,INT4,CPU,24,117.649,96.76%
MobileNetV4-Large,Rock_Classification,INT4,CPU,25,124.501,96.76%
MobileNetV4-Large,Rock_Classification,INT4,CPU,26,115.949,96.76%
MobileNetV4-Large,Rock_Classification,INT4,CPU,27,118.804,96.76%
MobileNetV4-Large,Rock_Classification,INT4,CPU,28,123.281,96.76%
MobileNetV4-Large,Rock_Classification,INT4,CPU,29,111.649,96.76%
MobileNetV4-Large,Rock_Classification,INT4,CPU,30,120.046,96.76%
MobileNetV4-Large,Rock_Classification,INT4,CPU,31,115.087,96.76%
MobileNetV4-Large,Rock_Classification,INT4,CPU,32,122.658,96.76%
MobileNetV4-Large,Rock_Classification,INT4,CPU,33,122.06,96.76%
MobileNetV4-Large,Rock_Classification,INT4,CPU,34,119.626,96.76%
MobileNetV4-Large,Rock_Classification,INT4,CPU,35,126.255,96.76%
MobileNetV4-Large,Rock_Classification,INT4,CPU,36,125.219,96.76%
MobileNetV4-Large,Rock_Classification,INT4,CPU,37,121.247,96.76%
MobileNetV4-Large,Rock_Classification,INT4,CPU,38,117.617,96.76%
MobileNetV4-Large,Rock_Classification,INT4,CPU,39,121.943,96.76%
MobileNetV4-Large,Rock_Classification,INT4,CPU,40,122.803,96.76%
MobileNetV4-Large,Rock_Classification,INT4,CPU,41,117.866,96.76%
MobileNetV4-Large,Rock_Classification,INT4,CPU,42,120.303,96.76%
MobileNetV4-Large,Rock_Classification,INT4,CPU,43,123.125,96.76%
MobileNetV4-Large,Rock_Classification,INT4,CPU,44,121.429,96.76%
MobileNetV4-Large,Rock_Classification,INT4,CPU,45,124.297,96.76%
MobileNetV4-Large,Rock_Classification,INT4,CPU,46,112.522,96.76%
MobileNetV4-Large,Rock_Classification,INT4,CPU,47,117.593,96.76%
MobileNetV4-Large,Rock_Classification,INT4,CPU,48,128.882,96.76%
MobileNetV4-Large,Rock_Classification,INT4,CPU,49,115.053,96.76%
MobileNetV4-Large,Rock_Classification,INT4,CPU,50,122.845,96.76%
MobileNetV4-Large,Rock_Classification,INT4,CPU,51,117.816,96.76%
MobileNetV4-Large,Rock_Classification,INT4,CPU,52,126.748,96.76%
MobileNetV4-Large,Rock_Classification,INT4,CPU,53,118.044,96.76%
MobileNetV4-Large,Rock_Classification,INT4,CPU,54,120.04,96.76%
MobileNetV4-Large,Rock_Classification,INT4,CPU,55,124.592,96.76%
MobileNetV4-Large,Rock_Classification,INT4,CPU,56,121.476,96.76%
MobileNetV4-Large,Rock_Classification,INT4,CPU,57,118.911,96.76%
MobileNetV4-Large,Rock_Classification,INT4,CPU,58,122.864,96.76%
MobileNetV4-Large,Rock_Classification,INT4,CPU,59,120.441,96.76%
MobileNetV4-Large,Rock_Classification,INT4,CPU,60,120.262,96.76%
MobileNetV4-Large,Rock_Classification,INT4,CPU,61,111.346,96.76%
MobileNetV4-Large,Rock_Classification,INT4,CPU,62,119.643,96.76%
MobileNetV4-Large,Rock_Classification,INT4,CPU,63,125.181,96.76%
MobileNetV4-Large,Rock_Classification,INT4,CPU,64,119.556,96.76%
MobileNetV4-Large,Rock_Classification,INT4,CPU,65,112.246,96.76%
MobileNetV4-Large,Rock_Classification,INT4,CPU,66,124.105,96.76%
MobileNetV4-Large,Rock_Classification,INT4,CPU,67,120.825,96.76%
MobileNetV4-Large,Rock_Classification,INT4,CPU,68,114.261,96.76%
MobileNetV4-Large,Rock_Classification,INT4,CPU,69,117.903,96.76%
MobileNetV4-Large,Rock_Classification,INT4,CPU,70,118.001,96.76%
MobileNetV4-Large,Rock_Classification,INT4,CPU,71,118.553,96.76%
MobileNetV4-Large,Rock_Classification,INT4,CPU,72,129.105,96.76%
MobileNetV4-Large,Rock_Classification,INT4,CPU,73,119.64,96.76%
MobileNetV4-Large,Rock_Classification,INT4,CPU,74,126.093,96.76%
MobileNetV4-Large,Rock_Classification,INT4,CPU,75,109.905,96.76%
MobileNetV4-Large,Rock_Classification,INT4,CPU,76,115.442,96.76%
MobileNetV4-Large,Rock_Classification,INT4,CPU,77,113.412,96.76%
MobileNetV4-Large,Rock_Classification,INT4,CPU,78,115.449,96.76%
MobileNetV4-Large,Rock_Classification,INT4,CPU,79,118.807,96.76%
MobileNetV4-Large,Rock_Classification,INT4,CPU,80,129.626,96.76%
MobileNetV4-Large,Rock_Classification,INT4,CPU,81,125.97,96.76%
MobileNetV4-Large,Rock_Classification,INT4,CPU,82,115.574,96.76%
MobileNetV4-Large,Rock_Classification,INT4,CPU,83,122.439,96.76%
MobileNetV4-Large,Rock_Classification,INT4,CPU,84,114.713,96.76%
MobileNetV4-Large,Rock_Classification,INT4,CPU,85,114.162,96.76%
MobileNetV4-Large,Rock_Classification,INT4,CPU,86,123.447,96.76%
MobileNetV4-Large,Rock_Classification,INT4,CPU,87,122.611,96.76%
MobileNetV4-Large,Rock_Classification,INT4,CPU,88,113.078,96.76%
MobileNetV4-Large,Rock_Classification,INT4,CPU,89,114.24,96.76%
MobileNetV4-Large,Rock_Classification,INT4,CPU,90,121.794,96.76%
MobileNetV4-Large,Rock_Classification,INT4,CPU,91,116.07,96.76%
MobileNetV4-Large,Rock_Classification,INT4,CPU,92,118.957,96.76%
MobileNetV4-Large,Rock_Classification,INT4,CPU,93,118.911,96.76%
MobileNetV4-Large,Rock_Classification,INT4,CPU,94,118.858,96.76%
MobileNetV4-Large,Rock_Classification,INT4,CPU,95,111.492,96.76%
MobileNetV4-Large,Rock_Classification,INT4,CPU,96,126.405,96.76%
MobileNetV4-Large,Rock_Classification,INT4,CPU,97,116.397,96.76%
MobileNetV4-Large,Rock_Classification,INT4,CPU,98,116.896,96.76%
MobileNetV4-Large,Rock_Classification,INT4,CPU,99,123.837,96.76%
MobileNetV4-Large,Rock_Classification,INT4,CPU,100,119.213,96.76%
MobileNetV4-Small,Scale_Metrology,INT8,NPU,1,17.462,79.87%
MobileNetV4-Small,Scale_Metrology,INT8,NPU,2,18.806,79.87%
MobileNetV4-Small,Scale_Metrology,INT8,NPU,3,17.976,79.87%
MobileNetV4-Small,Scale_Metrology,INT8,NPU,4,18.406,79.87%
MobileNetV4-Small,Scale_Metrology,INT8,NPU,5,18.462,79.87%
MobileNetV4-Small,Scale_Metrology,INT8,NPU,6,17.809,79.87%
MobileNetV4-Small,Scale_Metrology,INT8,NPU,7,19.198,79.87%
MobileNetV4-Small,Scale_Metrology,INT8,NPU,8,18.05,79.87%
MobileNetV4-Small,Scale_Metrology,INT8,NPU,9,19.164,79.87%
MobileNetV4-Small,Scale_Metrology,INT8,NPU,10,18.885,79.87%
MobileNetV4-Small,Scale_Metrology,INT8,NPU,11,19.487,79.87%
MobileNetV4-Small,Scale_Metrology,INT8,NPU,12,19.105,79.87%
MobileNetV4-Small,Scale_Metrology,INT8,NPU,13,18.5,79.87%
MobileNetV4-Small,Scale_Metrology,INT8,NPU,14,18.983,79.87%
MobileNetV4-Small,Scale_Metrology,INT8,NPU,15,17.915,79.87%
MobileNetV4-Small,Scale_Metrology,INT8,NPU,16,18.388,79.87%
MobileNetV4-Small,Scale_Metrology,INT8,NPU,17,19.246,79.87%
MobileNetV4-Small,Scale_Metrology,INT8,NPU,18,18.362,79.87%
MobileNetV4-Small,Scale_Metrology,INT8,NPU,19,19.084,79.87%
MobileNetV4-Small,Scale_Metrology,INT8,NPU,20,18.724,79.87%
MobileNetV4-Small,Scale_Metrology,INT8,NPU,21,18.788,79.87%
MobileNetV4-Small,Scale_Metrology,INT8,NPU,22,17.575,79.87%
MobileNetV4-Small,Scale_Metrology,INT8,NPU,23,18.045,79.87%
MobileNetV4-Small,Scale_Metrology,INT8,NPU,24,17.662,79.87%
MobileNetV4-Small,Scale_Metrology,INT8,NPU,25,18.25,79.87%
MobileNetV4-Small,Scale_Metrology,INT8,NPU,26,18.995,79.87%
MobileNetV4-Small,Scale_Metrology,INT8,NPU,27,18.498,79.87%
MobileNetV4-Small,Scale_Metrology,INT8,NPU,28,18.159,79.87%
MobileNetV4-Small,Scale_Metrology,INT8,NPU,29,19.619,79.87%
MobileNetV4-Small,Scale_Metrology,INT8,NPU,30,19.247,79.87%
MobileNetV4-Small,Scale_Metrology,INT8,NPU,31,19.688,79.87%
MobileNetV4-Small,Scale_Metrology,INT8,NPU,32,19.702,79.87%
MobileNetV4-Small,Scale_Metrology,INT8,NPU,33,19.686,79.87%
MobileNetV4-Small,Scale_Metrology,INT8,NPU,34,18.664,79.87%
MobileNetV4-Small,Scale_Metrology,INT8,NPU,35,17.39,79.87%
MobileNetV4-Small,Scale_Metrology,INT8,NPU,36,18.265,79.87%
MobileNetV4-Small,Scale_Metrology,INT8,NPU,37,19.299,79.87%
MobileNetV4-Small,Scale_Metrology,INT8,NPU,38,18.322,79.87%
MobileNetV4-Small,Scale_Metrology,INT8,NPU,39,18.996,79.87%
MobileNetV4-Small,Scale_Metrology,INT8,NPU,40,18.511,79.87%
MobileNetV4-Small,Scale_Metrology,INT8,NPU,41,19.608,79.87%
MobileNetV4-Small,Scale_Metrology,INT8,NPU,42,18.217,79.87%
MobileNetV4-Small,Scale_Metrology,INT8,NPU,43,18.363,79.87%
MobileNetV4-Small,Scale_Metrology,INT8,NPU,44,18.702,79.87%
MobileNetV4-Small,Scale_Metrology,INT8,NPU,45,19.028,79.87%
MobileNetV4-Small,Scale_Metrology,INT8,NPU,46,17.846,79.87%
MobileNetV4-Small,Scale_Metrology,INT8,NPU,47,18.286,79.87%
MobileNetV4-Small,Scale_Metrology,INT8,NPU,48,19.49,79.87%
MobileNetV4-Small,Scale_Metrology,INT8,NPU,49,18.636,79.87%
MobileNetV4-Small,Scale_Metrology,INT8,NPU,50,18.372,79.87%
MobileNetV4-Small,Scale_Metrology,INT8,NPU,51,18.399,79.87%
MobileNetV4-Small,Scale_Metrology,INT8,NPU,52,19.535,79.87%
MobileNetV4-Small,Scale_Metrology,INT8,NPU,53,19.115,79.87%
MobileNetV4-Small,Scale_Metrology,INT8,NPU,54,18.149,79.87%
MobileNetV4-Small,Scale_Metrology,INT8,NPU,55,18.482,79.87%
MobileNetV4-Small,Scale_Metrology,INT8,NPU,56,18.187,79.87%
MobileNetV4-Small,Scale_Metrology,INT8,NPU,57,18.707,79.87%
MobileNetV4-Small,Scale_Metrology,INT8,NPU,58,17.475,79.87%
MobileNetV4-Small,Scale_Metrology,INT8,NPU,59,17.786,79.87%
MobileNetV4-Small,Scale_Metrology,INT8,NPU,60,19.037,79.87%
MobileNetV4-Small,Scale_Metrology,INT8,NPU,61,19.101,79.87%
MobileNetV4-Small,Scale_Metrology,INT8,NPU,62,18.239,79.87%
MobileNetV4-Small,Scale_Metrology,INT8,NPU,63,18.337,79.87%
MobileNetV4-Small,Scale_Metrology,INT8,NPU,64,17.752,79.87%
MobileNetV4-Small,Scale_Metrology,INT8,NPU,65,19.271,79.87%
MobileNetV4-Small,Scale_Metrology,INT8,NPU,66,17.908,79.87%
MobileNetV4-Small,Scale_Metrology,INT8,NPU,67,19.173,79.87%
MobileNetV4-Small,Scale_Metrology,INT8,NPU,68,19.315,79.87%
MobileNetV4-Small,Scale_Metrology,INT8,NPU,69,17.875,79.87%
MobileNetV4-Small,Scale_Metrology,INT8,NPU,70,17.262,79.87%
MobileNetV4-Small,Scale_Metrology,INT8,NPU,71,18.933,79.87%
MobileNetV4-Small,Scale_Metrology,INT8,NPU,72,19.598,79.87%
MobileNetV4-Small,Scale_Metrology,INT8,NPU,73,18.926,79.87%
MobileNetV4-Small,Scale_Metrology,INT8,NPU,74,17.553,79.87%
MobileNetV4-Small,Scale_Metrology,INT8,NPU,75,19.148,79.87%
MobileNetV4-Small,Scale_Metrology,INT8,NPU,76,18.047,79.87%
MobileNetV4-Small,Scale_Metrology,INT8,NPU,77,18.344,79.87%
MobileNetV4-Small,Scale_Metrology,INT8,NPU,78,18.316,79.87%
MobileNetV4-Small,Scale_Metrology,INT8,NPU,79,18.023,79.87%
MobileNetV4-Small,Scale_Metrology,INT8,NPU,80,18.124,79.87%
MobileNetV4-Small,Scale_Metrology,INT8,NPU,81,18.862,79.87%
MobileNetV4-Small,Scale_Metrology,INT8,NPU,82,18.304,79.87%
MobileNetV4-Small,Scale_Metrology,INT8,NPU,83,18.54,79.87%
MobileNetV4-Small,Scale_Metrology,INT8,NPU,84,18.163,79.87%
MobileNetV4-Small,Scale_Metrology,INT8,NPU,85,17.575,79.87%
MobileNetV4-Small,Scale_Metrology,INT8,NPU,86,17.673,79.87%
MobileNetV4-Small,Scale_Metrology,INT8,NPU,87,19.102,79.87%
MobileNetV4-Small,Scale_Metrology,INT8,NPU,88,18.735,79.87%
MobileNetV4-Small,Scale_Metrology,INT8,NPU,89,19.335,79.87%
MobileNetV4-Small,Scale_Metrology,INT8,NPU,90,17.783,79.87%
MobileNetV4-Small,Scale_Metrology,INT8,NPU,91,17.918,79.87%
MobileNetV4-Small,Scale_Metrology,INT8,NPU,92,17.613,79.87%
MobileNetV4-Small,Scale_Metrology,INT8,NPU,93,18.937,79.87%
MobileNetV4-Small,Scale_Metrology,INT8,NPU,94,18.361,79.87%
MobileNetV4-Small,Scale_Metrology,INT8,NPU,95,18.53,79.87%
MobileNetV4-Small,Scale_Metrology,INT8,NPU,96,17.4,79.87%
MobileNetV4-Small,Scale_Metrology,INT8,NPU,97,18.192,79.87%
MobileNetV4-Small,Scale_Metrology,INT8,NPU,98,18.531,79.87%
MobileNetV4-Small,Scale_Metrology,INT8,NPU,99,17.881,79.87%
MobileNetV4-Small,Scale_Metrology,INT8,NPU,100,18.29,79.87%
MobileNetV4-Small,Scale_Metrology,INT8,GPU,1,112.766,79.87%
MobileNetV4-Small,Scale_Metrology,INT8,GPU,2,110.715,79.87%
MobileNetV4-Small,Scale_Metrology,INT8,GPU,3,114.172,79.87%
MobileNetV4-Small,Scale_Metrology,INT8,GPU,4,107.35,79.87%
MobileNetV4-Small,Scale_Metrology,INT8,GPU,5,110.198,79.87%
MobileNetV4-Small,Scale_Metrology,INT8,GPU,6,115.53,79.87%
MobileNetV4-Small,Scale_Metrology,INT8,GPU,7,109.945,79.87%
MobileNetV4-Small,Scale_Metrology,INT8,GPU,8,118.829,79.87%
MobileNetV4-Small,Scale_Metrology,INT8,GPU,9,125.501,79.87%
MobileNetV4-Small,Scale_Metrology,INT8,GPU,10,114.115,79.87%
MobileNetV4-Small,Scale_Metrology,INT8,GPU,11,115.489,79.87%
MobileNetV4-Small,Scale_Metrology,INT8,GPU,12,119.698,79.87%
MobileNetV4-Small,Scale_Metrology,INT8,GPU,13,116.49,79.87%
MobileNetV4-Small,Scale_Metrology,INT8,GPU,14,119.236,79.87%
MobileNetV4-Small,Scale_Metrology,INT8,GPU,15,116.788,79.87%
MobileNetV4-Small,Scale_Metrology,INT8,GPU,16,109.967,79.87%
MobileNetV4-Small,Scale_Metrology,INT8,GPU,17,117.863,79.87%
MobileNetV4-Small,Scale_Metrology,INT8,GPU,18,114.572,79.87%
MobileNetV4-Small,Scale_Metrology,INT8,GPU,19,110.621,79.87%
MobileNetV4-Small,Scale_Metrology,INT8,GPU,20,108.453,79.87%
MobileNetV4-Small,Scale_Metrology,INT8,GPU,21,109.535,79.87%
MobileNetV4-Small,Scale_Metrology,INT8,GPU,22,118.796,79.87%
MobileNetV4-Small,Scale_Metrology,INT8,GPU,23,115.714,79.87%
MobileNetV4-Small,Scale_Metrology,INT8,GPU,24,117.51,79.87%
MobileNetV4-Small,Scale_Metrology,INT8,GPU,25,114.68,79.87%
MobileNetV4-Small,Scale_Metrology,INT8,GPU,26,111.351,79.87%
MobileNetV4-Small,Scale_Metrology,INT8,GPU,27,112.225,79.87%
MobileNetV4-Small,Scale_Metrology,INT8,GPU,28,120.22,79.87%
MobileNetV4-Small,Scale_Metrology,INT8,GPU,29,118.74,79.87%
MobileNetV4-Small,Scale_Metrology,INT8,GPU,30,122.686,79.87%
MobileNetV4-Small,Scale_Metrology,INT8,GPU,31,112.422,79.87%
MobileNetV4-Small,Scale_Metrology,INT8,GPU,32,114.616,79.87%
MobileNetV4-Small,Scale_Metrology,INT8,GPU,33,118.727,79.87%
MobileNetV4-Small,Scale_Metrology,INT8,GPU,34,116.909,79.87%
MobileNetV4-Small,Scale_Metrology,INT8,GPU,35,122.887,79.87%
MobileNetV4-Small,Scale_Metrology,INT8,GPU,36,112.515,79.87%
MobileNetV4-Small,Scale_Metrology,INT8,GPU,37,112.747,79.87%
MobileNetV4-Small,Scale_Metrology,INT8,GPU,38,111.509,79.87%
MobileNetV4-Small,Scale_Metrology,INT8,GPU,39,122.077,79.87%
MobileNetV4-Small,Scale_Metrology,INT8,GPU,40,112.913,79.87%
MobileNetV4-Small,Scale_Metrology,INT8,GPU,41,117.617,79.87%
MobileNetV4-Small,Scale_Metrology,INT8,GPU,42,107.779,79.87%
MobileNetV4-Small,Scale_Metrology,INT8,GPU,43,116.548,79.87%
MobileNetV4-Small,Scale_Metrology,INT8,GPU,44,119.003,79.87%
MobileNetV4-Small,Scale_Metrology,INT8,GPU,45,116.089,79.87%
MobileNetV4-Small,Scale_Metrology,INT8,GPU,46,112.211,79.87%
MobileNetV4-Small,Scale_Metrology,INT8,GPU,47,115.999,79.87%
MobileNetV4-Small,Scale_Metrology,INT8,GPU,48,113.799,79.87%
MobileNetV4-Small,Scale_Metrology,INT8,GPU,49,111.345,79.87%
MobileNetV4-Small,Scale_Metrology,INT8,GPU,50,107.736,79.87%
MobileNetV4-Small,Scale_Metrology,INT8,GPU,51,118.121,79.87%
MobileNetV4-Small,Scale_Metrology,INT8,GPU,52,112.725,79.87%
MobileNetV4-Small,Scale_Metrology,INT8,GPU,53,108.895,79.87%
MobileNetV4-Small,Scale_Metrology,INT8,GPU,54,118.46,79.87%
MobileNetV4-Small,Scale_Metrology,INT8,GPU,55,117.968,79.87%
MobileNetV4-Small,Scale_Metrology,INT8,GPU,56,115.264,79.87%
MobileNetV4-Small,Scale_Metrology,INT8,GPU,57,116.445,79.87%
MobileNetV4-Small,Scale_Metrology,INT8,GPU,58,114.213,79.87%
MobileNetV4-Small,Scale_Metrology,INT8,GPU,59,108.374,79.87%
MobileNetV4-Small,Scale_Metrology,INT8,GPU,60,125.108,79.87%
MobileNetV4-Small,Scale_Metrology,INT8,GPU,61,119.276,79.87%
MobileNetV4-Small,Scale_Metrology,INT8,GPU,62,108.402,79.87%
MobileNetV4-Small,Scale_Metrology,INT8,GPU,63,110.852,79.87%
MobileNetV4-Small,Scale_Metrology,INT8,GPU,64,118.523,79.87%
MobileNetV4-Small,Scale_Metrology,INT8,GPU,65,121.524,79.87%
MobileNetV4-Small,Scale_Metrology,INT8,GPU,66,111.374,79.87%
MobileNetV4-Small,Scale_Metrology,INT8,GPU,67,113.162,79.87%
MobileNetV4-Small,Scale_Metrology,INT8,GPU,68,119.874,79.87%
MobileNetV4-Small,Scale_Metrology,INT8,GPU,69,121.221,79.87%
MobileNetV4-Small,Scale_Metrology,INT8,GPU,70,116.75,79.87%
MobileNetV4-Small,Scale_Metrology,INT8,GPU,71,114.504,79.87%
MobileNetV4-Small,Scale_Metrology,INT8,GPU,72,108.877,79.87%
MobileNetV4-Small,Scale_Metrology,INT8,GPU,73,117.24,79.87%
MobileNetV4-Small,Scale_Metrology,INT8,GPU,74,115.274,79.87%
MobileNetV4-Small,Scale_Metrology,INT8,GPU,75,111.923,79.87%
MobileNetV4-Small,Scale_Metrology,INT8,GPU,76,114.265,79.87%
MobileNetV4-Small,Scale_Metrology,INT8,GPU,77,122.857,79.87%
MobileNetV4-Small,Scale_Metrology,INT8,GPU,78,121.078,79.87%
MobileNetV4-Small,Scale_Metrology,INT8,GPU,79,118.346,79.87%
MobileNetV4-Small,Scale_Metrology,INT8,GPU,80,109.271,79.87%
MobileNetV4-Small,Scale_Metrology,INT8,GPU,81,122.751,79.87%
MobileNetV4-Small,Scale_Metrology,INT8,GPU,82,111.252,79.87%
MobileNetV4-Small,Scale_Metrology,INT8,GPU,83,116.446,79.87%
MobileNetV4-Small,Scale_Metrology,INT8,GPU,84,110.34,79.87%
MobileNetV4-Small,Scale_Metrology,INT8,GPU,85,113.238,79.87%
MobileNetV4-Small,Scale_Metrology,INT8,GPU,86,119.492,79.87%
MobileNetV4-Small,Scale_Metrology,INT8,GPU,87,113.536,79.87%
MobileNetV4-Small,Scale_Metrology,INT8,GPU,88,114.367,79.87%
MobileNetV4-Small,Scale_Metrology,INT8,GPU,89,115.32,79.87%
MobileNetV4-Small,Scale_Metrology,INT8,GPU,90,112.506,79.87%
MobileNetV4-Small,Scale_Metrology,INT8,GPU,91,118.693,79.87%
MobileNetV4-Small,Scale_Metrology,INT8,GPU,92,114.728,79.87%
MobileNetV4-Small,Scale_Metrology,INT8,GPU,93,114.055,79.87%
MobileNetV4-Small,Scale_Metrology,INT8,GPU,94,112.658,79.87%
MobileNetV4-Small,Scale_Metrology,INT8,GPU,95,109.991,79.87%
MobileNetV4-Small,Scale_Metrology,INT8,GPU,96,115.203,79.87%
MobileNetV4-Small,Scale_Metrology,INT8,GPU,97,109.512,79.87%
MobileNetV4-Small,Scale_Metrology,INT8,GPU,98,107.685,79.87%
MobileNetV4-Small,Scale_Metrology,INT8,GPU,99,113.714,79.87%
MobileNetV4-Small,Scale_Metrology,INT8,GPU,100,112.837,79.87%
MobileNetV4-Small,Scale_Metrology,INT8,CPU,1,125.937,79.87%
MobileNetV4-Small,Scale_Metrology,INT8,CPU,2,118.164,79.87%
MobileNetV4-Small,Scale_Metrology,INT8,CPU,3,115.96,79.87%
MobileNetV4-Small,Scale_Metrology,INT8,CPU,4,115.305,79.87%
MobileNetV4-Small,Scale_Metrology,INT8,CPU,5,125.125,79.87%
MobileNetV4-Small,Scale_Metrology,INT8,CPU,6,112.656,79.87%
MobileNetV4-Small,Scale_Metrology,INT8,CPU,7,117.735,79.87%
MobileNetV4-Small,Scale_Metrology,INT8,CPU,8,116.588,79.87%
MobileNetV4-Small,Scale_Metrology,INT8,CPU,9,117.812,79.87%
MobileNetV4-Small,Scale_Metrology,INT8,CPU,10,114.47,79.87%
MobileNetV4-Small,Scale_Metrology,INT8,CPU,11,110.812,79.87%
MobileNetV4-Small,Scale_Metrology,INT8,CPU,12,112.062,79.87%
MobileNetV4-Small,Scale_Metrology,INT8,CPU,13,123.435,79.87%
MobileNetV4-Small,Scale_Metrology,INT8,CPU,14,124.781,79.87%
MobileNetV4-Small,Scale_Metrology,INT8,CPU,15,113.495,79.87%
MobileNetV4-Small,Scale_Metrology,INT8,CPU,16,118.133,79.87%
MobileNetV4-Small,Scale_Metrology,INT8,CPU,17,115.661,79.87%
MobileNetV4-Small,Scale_Metrology,INT8,CPU,18,122.756,79.87%
MobileNetV4-Small,Scale_Metrology,INT8,CPU,19,114.884,79.87%
MobileNetV4-Small,Scale_Metrology,INT8,CPU,20,122.384,79.87%
MobileNetV4-Small,Scale_Metrology,INT8,CPU,21,114.942,79.87%
MobileNetV4-Small,Scale_Metrology,INT8,CPU,22,115.349,79.87%
MobileNetV4-Small,Scale_Metrology,INT8,CPU,23,102.569,79.87%
MobileNetV4-Small,Scale_Metrology,INT8,CPU,24,118.32,79.87%
MobileNetV4-Small,Scale_Metrology,INT8,CPU,25,122.754,79.87%
MobileNetV4-Small,Scale_Metrology,INT8,CPU,26,109.193,79.87%
MobileNetV4-Small,Scale_Metrology,INT8,CPU,27,115.919,79.87%
MobileNetV4-Small,Scale_Metrology,INT8,CPU,28,117.081,79.87%
MobileNetV4-Small,Scale_Metrology,INT8,CPU,29,118.494,79.87%
MobileNetV4-Small,Scale_Metrology,INT8,CPU,30,127.703,79.87%
MobileNetV4-Small,Scale_Metrology,INT8,CPU,31,128.078,79.87%
MobileNetV4-Small,Scale_Metrology,INT8,CPU,32,112.865,79.87%
MobileNetV4-Small,Scale_Metrology,INT8,CPU,33,116.902,79.87%
MobileNetV4-Small,Scale_Metrology,INT8,CPU,34,119.888,79.87%
MobileNetV4-Small,Scale_Metrology,INT8,CPU,35,116.158,79.87%
MobileNetV4-Small,Scale_Metrology,INT8,CPU,36,109.833,79.87%
MobileNetV4-Small,Scale_Metrology,INT8,CPU,37,119.349,79.87%
MobileNetV4-Small,Scale_Metrology,INT8,CPU,38,110.848,79.87%
MobileNetV4-Small,Scale_Metrology,INT8,CPU,39,127.059,79.87%
MobileNetV4-Small,Scale_Metrology,INT8,CPU,40,121.094,79.87%
MobileNetV4-Small,Scale_Metrology,INT8,CPU,41,119.068,79.87%
MobileNetV4-Small,Scale_Metrology,INT8,CPU,42,114.525,79.87%
MobileNetV4-Small,Scale_Metrology,INT8,CPU,43,115.747,79.87%
MobileNetV4-Small,Scale_Metrology,INT8,CPU,44,110.928,79.87%
MobileNetV4-Small,Scale_Metrology,INT8,CPU,45,115.321,79.87%
MobileNetV4-Small,Scale_Metrology,INT8,CPU,46,121.044,79.87%
MobileNetV4-Small,Scale_Metrology,INT8,CPU,47,115.26,79.87%
MobileNetV4-Small,Scale_Metrology,INT8,CPU,48,115.882,79.87%
MobileNetV4-Small,Scale_Metrology,INT8,CPU,49,109.942,79.87%
MobileNetV4-Small,Scale_Metrology,INT8,CPU,50,113.805,79.87%
MobileNetV4-Small,Scale_Metrology,INT8,CPU,51,110.484,79.87%
MobileNetV4-Small,Scale_Metrology,INT8,CPU,52,116.139,79.87%
MobileNetV4-Small,Scale_Metrology,INT8,CPU,53,106.886,79.87%
MobileNetV4-Small,Scale_Metrology,INT8,CPU,54,108.269,79.87%
MobileNetV4-Small,Scale_Metrology,INT8,CPU,55,106.356,79.87%
MobileNetV4-Small,Scale_Metrology,INT8,CPU,56,117.098,79.87%
MobileNetV4-Small,Scale_Metrology,INT8,CPU,57,120.509,79.87%
MobileNetV4-Small,Scale_Metrology,INT8,CPU,58,117.198,79.87%
MobileNetV4-Small,Scale_Metrology,INT8,CPU,59,122.249,79.87%
MobileNetV4-Small,Scale_Metrology,INT8,CPU,60,122.21,79.87%
MobileNetV4-Small,Scale_Metrology,INT8,CPU,61,113.357,79.87%
MobileNetV4-Small,Scale_Metrology,INT8,CPU,62,125.801,79.87%
MobileNetV4-Small,Scale_Metrology,INT8,CPU,63,116.58,79.87%
MobileNetV4-Small,Scale_Metrology,INT8,CPU,64,114.665,79.87%
MobileNetV4-Small,Scale_Metrology,INT8,CPU,65,111.306,79.87%
MobileNetV4-Small,Scale_Metrology,INT8,CPU,66,112.446,79.87%
MobileNetV4-Small,Scale_Metrology,INT8,CPU,67,114.385,79.87%
MobileNetV4-Small,Scale_Metrology,INT8,CPU,68,113.495,79.87%
MobileNetV4-Small,Scale_Metrology,INT8,CPU,69,118.129,79.87%
MobileNetV4-Small,Scale_Metrology,INT8,CPU,70,111.637,79.87%
MobileNetV4-Small,Scale_Metrology,INT8,CPU,71,117.011,79.87%
MobileNetV4-Small,Scale_Metrology,INT8,CPU,72,112.673,79.87%
MobileNetV4-Small,Scale_Metrology,INT8,CPU,73,120.466,79.87%
MobileNetV4-Small,Scale_Metrology,INT8,CPU,74,119.875,79.87%
MobileNetV4-Small,Scale_Metrology,INT8,CPU,75,119.538,79.87%
MobileNetV4-Small,Scale_Metrology,INT8,CPU,76,129.313,79.87%
MobileNetV4-Small,Scale_Metrology,INT8,CPU,77,117.236,79.87%
MobileNetV4-Small,Scale_Metrology,INT8,CPU,78,117.675,79.87%
MobileNetV4-Small,Scale_Metrology,INT8,CPU,79,117.991,79.87%
MobileNetV4-Small,Scale_Metrology,INT8,CPU,80,116.478,79.87%
MobileNetV4-Small,Scale_Metrology,INT8,CPU,81,111.799,79.87%
MobileNetV4-Small,Scale_Metrology,INT8,CPU,82,117.454,79.87%
MobileNetV4-Small,Scale_Metrology,INT8,CPU,83,118.611,79.87%
MobileNetV4-Small,Scale_Metrology,INT8,CPU,84,111.644,79.87%
MobileNetV4-Small,Scale_Metrology,INT8,CPU,85,116.053,79.87%
MobileNetV4-Small,Scale_Metrology,INT8,CPU,86,107.791,79.87%
MobileNetV4-Small,Scale_Metrology,INT8,CPU,87,116.368,79.87%
MobileNetV4-Small,Scale_Metrology,INT8,CPU,88,116.46,79.87%
MobileNetV4-Small,Scale_Metrology,INT8,CPU,89,115.504,79.87%
MobileNetV4-Small,Scale_Metrology,INT8,CPU,90,116.757,79.87%
MobileNetV4-Small,Scale_Metrology,INT8,CPU,91,110.059,79.87%
MobileNetV4-Small,Scale_Metrology,INT8,CPU,92,115.613,79.87%
MobileNetV4-Small,Scale_Metrology,INT8,CPU,93,118.427,79.87%
MobileNetV4-Small,Scale_Metrology,INT8,CPU,94,114.257,79.87%
MobileNetV4-Small,Scale_Metrology,INT8,CPU,95,114.567,79.87%
MobileNetV4-Small,Scale_Metrology,INT8,CPU,96,111.576,79.87%
MobileNetV4-Small,Scale_Metrology,INT8,CPU,97,110.568,79.87%
MobileNetV4-Small,Scale_Metrology,INT8,CPU,98,111.685,79.87%
MobileNetV4-Small,Scale_Metrology,INT8,CPU,99,116.695,79.87%
MobileNetV4-Small,Scale_Metrology,INT8,CPU,100,123.07,79.87%
MobileNetV4-Small,Scale_Metrology,INT4,NPU,1,12.111,79.87%
MobileNetV4-Small,Scale_Metrology,INT4,NPU,2,11.119,79.87%
MobileNetV4-Small,Scale_Metrology,INT4,NPU,3,12.022,79.87%
MobileNetV4-Small,Scale_Metrology,INT4,NPU,4,11.887,79.87%
MobileNetV4-Small,Scale_Metrology,INT4,NPU,5,12.226,79.87%
MobileNetV4-Small,Scale_Metrology,INT4,NPU,6,11.663,79.87%
MobileNetV4-Small,Scale_Metrology,INT4,NPU,7,12.048,79.87%
MobileNetV4-Small,Scale_Metrology,INT4,NPU,8,11.751,79.87%
MobileNetV4-Small,Scale_Metrology,INT4,NPU,9,12.512,79.87%
MobileNetV4-Small,Scale_Metrology,INT4,NPU,10,11.946,79.87%
MobileNetV4-Small,Scale_Metrology,INT4,NPU,11,12.122,79.87%
MobileNetV4-Small,Scale_Metrology,INT4,NPU,12,11.352,79.87%
MobileNetV4-Small,Scale_Metrology,INT4,NPU,13,11.986,79.87%
MobileNetV4-Small,Scale_Metrology,INT4,NPU,14,11.622,79.87%
MobileNetV4-Small,Scale_Metrology,INT4,NPU,15,11.947,79.87%
MobileNetV4-Small,Scale_Metrology,INT4,NPU,16,12.19,79.87%
MobileNetV4-Small,Scale_Metrology,INT4,NPU,17,11.443,79.87%
MobileNetV4-Small,Scale_Metrology,INT4,NPU,18,12.442,79.87%
MobileNetV4-Small,Scale_Metrology,INT4,NPU,19,11.921,79.87%
MobileNetV4-Small,Scale_Metrology,INT4,NPU,20,12.504,79.87%
MobileNetV4-Small,Scale_Metrology,INT4,NPU,21,12.066,79.87%
MobileNetV4-Small,Scale_Metrology,INT4,NPU,22,11.69,79.87%
MobileNetV4-Small,Scale_Metrology,INT4,NPU,23,12.651,79.87%
MobileNetV4-Small,Scale_Metrology,INT4,NPU,24,12.561,79.87%
MobileNetV4-Small,Scale_Metrology,INT4,NPU,25,12.231,79.87%
MobileNetV4-Small,Scale_Metrology,INT4,NPU,26,10.978,79.87%
MobileNetV4-Small,Scale_Metrology,INT4,NPU,27,12.484,79.87%
MobileNetV4-Small,Scale_Metrology,INT4,NPU,28,11.754,79.87%
MobileNetV4-Small,Scale_Metrology,INT4,NPU,29,11.664,79.87%
MobileNetV4-Small,Scale_Metrology,INT4,NPU,30,11.783,79.87%
MobileNetV4-Small,Scale_Metrology,INT4,NPU,31,12.766,79.87%
MobileNetV4-Small,Scale_Metrology,INT4,NPU,32,11.187,79.87%
MobileNetV4-Small,Scale_Metrology,INT4,NPU,33,12.413,79.87%
MobileNetV4-Small,Scale_Metrology,INT4,NPU,34,11.016,79.87%
MobileNetV4-Small,Scale_Metrology,INT4,NPU,35,12.86,79.87%
MobileNetV4-Small,Scale_Metrology,INT4,NPU,36,12.378,79.87%
MobileNetV4-Small,Scale_Metrology,INT4,NPU,37,11.721,79.87%
MobileNetV4-Small,Scale_Metrology,INT4,NPU,38,11.486,79.87%
MobileNetV4-Small,Scale_Metrology,INT4,NPU,39,12.262,79.87%
MobileNetV4-Small,Scale_Metrology,INT4,NPU,40,11.425,79.87%
MobileNetV4-Small,Scale_Metrology,INT4,NPU,41,12.228,79.87%
MobileNetV4-Small,Scale_Metrology,INT4,NPU,42,11.771,79.87%
MobileNetV4-Small,Scale_Metrology,INT4,NPU,43,12.435,79.87%
MobileNetV4-Small,Scale_Metrology,INT4,NPU,44,11.776,79.87%
MobileNetV4-Small,Scale_Metrology,INT4,NPU,45,12.189,79.87%
MobileNetV4-Small,Scale_Metrology,INT4,NPU,46,11.928,79.87%
MobileNetV4-Small,Scale_Metrology,INT4,NPU,47,12.469,79.87%
MobileNetV4-Small,Scale_Metrology,INT4,NPU,48,11.637,79.87%
MobileNetV4-Small,Scale_Metrology,INT4,NPU,49,13.12,79.87%
MobileNetV4-Small,Scale_Metrology,INT4,NPU,50,12.749,79.87%
MobileNetV4-Small,Scale_Metrology,INT4,NPU,51,12.467,79.87%
MobileNetV4-Small,Scale_Metrology,INT4,NPU,52,11.135,79.87%
MobileNetV4-Small,Scale_Metrology,INT4,NPU,53,12.466,79.87%
MobileNetV4-Small,Scale_Metrology,INT4,NPU,54,11.952,79.87%
MobileNetV4-Small,Scale_Metrology,INT4,NPU,55,11.472,79.87%
MobileNetV4-Small,Scale_Metrology,INT4,NPU,56,11.947,79.87%
MobileNetV4-Small,Scale_Metrology,INT4,NPU,57,11.825,79.87%
MobileNetV4-Small,Scale_Metrology,INT4,NPU,58,11.761,79.87%
MobileNetV4-Small,Scale_Metrology,INT4,NPU,59,12.226,79.87%
MobileNetV4-Small,Scale_Metrology,INT4,NPU,60,12.268,79.87%
MobileNetV4-Small,Scale_Metrology,INT4,NPU,61,12.38,79.87%
MobileNetV4-Small,Scale_Metrology,INT4,NPU,62,11.936,79.87%
MobileNetV4-Small,Scale_Metrology,INT4,NPU,63,11.792,79.87%
MobileNetV4-Small,Scale_Metrology,INT4,NPU,64,11.941,79.87%
MobileNetV4-Small,Scale_Metrology,INT4,NPU,65,11.384,79.87%
MobileNetV4-Small,Scale_Metrology,INT4,NPU,66,11.486,79.87%
MobileNetV4-Small,Scale_Metrology,INT4,NPU,67,13.389,79.87%
MobileNetV4-Small,Scale_Metrology,INT4,NPU,68,12.306,79.87%
MobileNetV4-Small,Scale_Metrology,INT4,NPU,69,11.222,79.87%
MobileNetV4-Small,Scale_Metrology,INT4,NPU,70,11.74,79.87%
MobileNetV4-Small,Scale_Metrology,INT4,NPU,71,12.022,79.87%
MobileNetV4-Small,Scale_Metrology,INT4,NPU,72,11.932,79.87%
MobileNetV4-Small,Scale_Metrology,INT4,NPU,73,10.987,79.87%
MobileNetV4-Small,Scale_Metrology,INT4,NPU,74,11.446,79.87%
MobileNetV4-Small,Scale_Metrology,INT4,NPU,75,12.828,79.87%
MobileNetV4-Small,Scale_Metrology,INT4,NPU,76,11.548,79.87%
MobileNetV4-Small,Scale_Metrology,INT4,NPU,77,11.812,79.87%
MobileNetV4-Small,Scale_Metrology,INT4,NPU,78,11.692,79.87%
MobileNetV4-Small,Scale_Metrology,INT4,NPU,79,11.968,79.87%
MobileNetV4-Small,Scale_Metrology,INT4,NPU,80,11.72,79.87%
MobileNetV4-Small,Scale_Metrology,INT4,NPU,81,11.762,79.87%
MobileNetV4-Small,Scale_Metrology,INT4,NPU,82,11.132,79.87%
MobileNetV4-Small,Scale_Metrology,INT4,NPU,83,12.041,79.87%
MobileNetV4-Small,Scale_Metrology,INT4,NPU,84,12.544,79.87%
MobileNetV4-Small,Scale_Metrology,INT4,NPU,85,12.351,79.87%
MobileNetV4-Small,Scale_Metrology,INT4,NPU,86,12.191,79.87%
MobileNetV4-Small,Scale_Metrology,INT4,NPU,87,12.303,79.87%
MobileNetV4-Small,Scale_Metrology,INT4,NPU,88,11.586,79.87%
MobileNetV4-Small,Scale_Metrology,INT4,NPU,89,12.432,79.87%
MobileNetV4-Small,Scale_Metrology,INT4,NPU,90,11.552,79.87%
MobileNetV4-Small,Scale_Metrology,INT4,NPU,91,11.316,79.87%
MobileNetV4-Small,Scale_Metrology,INT4,NPU,92,13.225,79.87%
MobileNetV4-Small,Scale_Metrology,INT4,NPU,93,12.31,79.87%
MobileNetV4-Small,Scale_Metrology,INT4,NPU,94,12.37,79.87%
MobileNetV4-Small,Scale_Metrology,INT4,NPU,95,11.382,79.87%
MobileNetV4-Small,Scale_Metrology,INT4,NPU,96,11.762,79.87%
MobileNetV4-Small,Scale_Metrology,INT4,NPU,97,12.01,79.87%
MobileNetV4-Small,Scale_Metrology,INT4,NPU,98,11.72,79.87%
MobileNetV4-Small,Scale_Metrology,INT4,NPU,99,12.632,79.87%
MobileNetV4-Small,Scale_Metrology,INT4,NPU,100,12.24,79.87%
MobileNetV4-Small,Scale_Metrology,INT4,GPU,1,25.323,79.87%
MobileNetV4-Small,Scale_Metrology,INT4,GPU,2,24.263,79.87%
MobileNetV4-Small,Scale_Metrology,INT4,GPU,3,27.356,79.87%
MobileNetV4-Small,Scale_Metrology,INT4,GPU,4,26.367,79.87%
MobileNetV4-Small,Scale_Metrology,INT4,GPU,5,25.953,79.87%
MobileNetV4-Small,Scale_Metrology,INT4,GPU,6,25.174,79.87%
MobileNetV4-Small,Scale_Metrology,INT4,GPU,7,24.209,79.87%
MobileNetV4-Small,Scale_Metrology,INT4,GPU,8,25.437,79.87%
MobileNetV4-Small,Scale_Metrology,INT4,GPU,9,24.722,79.87%
MobileNetV4-Small,Scale_Metrology,INT4,GPU,10,24.896,79.87%
MobileNetV4-Small,Scale_Metrology,INT4,GPU,11,25.265,79.87%
MobileNetV4-Small,Scale_Metrology,INT4,GPU,12,26.005,79.87%
MobileNetV4-Small,Scale_Metrology,INT4,GPU,13,25.494,79.87%
MobileNetV4-Small,Scale_Metrology,INT4,GPU,14,25.175,79.87%
MobileNetV4-Small,Scale_Metrology,INT4,GPU,15,24.833,79.87%
MobileNetV4-Small,Scale_Metrology,INT4,GPU,16,25.178,79.87%
MobileNetV4-Small,Scale_Metrology,INT4,GPU,17,27.5,79.87%
MobileNetV4-Small,Scale_Metrology,INT4,GPU,18,26.691,79.87%
MobileNetV4-Small,Scale_Metrology,INT4,GPU,19,24.123,79.87%
MobileNetV4-Small,Scale_Metrology,INT4,GPU,20,25.43,79.87%
MobileNetV4-Small,Scale_Metrology,INT4,GPU,21,24.326,79.87%
MobileNetV4-Small,Scale_Metrology,INT4,GPU,22,25.959,79.87%
MobileNetV4-Small,Scale_Metrology,INT4,GPU,23,25.583,79.87%
MobileNetV4-Small,Scale_Metrology,INT4,GPU,24,25.157,79.87%
MobileNetV4-Small,Scale_Metrology,INT4,GPU,25,25.186,79.87%
MobileNetV4-Small,Scale_Metrology,INT4,GPU,26,27.13,79.87%
MobileNetV4-Small,Scale_Metrology,INT4,GPU,27,23.71,79.87%
MobileNetV4-Small,Scale_Metrology,INT4,GPU,28,26.746,79.87%
MobileNetV4-Small,Scale_Metrology,INT4,GPU,29,24.876,79.87%
MobileNetV4-Small,Scale_Metrology,INT4,GPU,30,25.436,79.87%
MobileNetV4-Small,Scale_Metrology,INT4,GPU,31,26.236,79.87%
MobileNetV4-Small,Scale_Metrology,INT4,GPU,32,24.56,79.87%
MobileNetV4-Small,Scale_Metrology,INT4,GPU,33,24.168,79.87%
MobileNetV4-Small,Scale_Metrology,INT4,GPU,34,25.739,79.87%
MobileNetV4-Small,Scale_Metrology,INT4,GPU,35,26.334,79.87%
MobileNetV4-Small,Scale_Metrology,INT4,GPU,36,25.895,79.87%
MobileNetV4-Small,Scale_Metrology,INT4,GPU,37,25.151,79.87%
MobileNetV4-Small,Scale_Metrology,INT4,GPU,38,25.47,79.87%
MobileNetV4-Small,Scale_Metrology,INT4,GPU,39,24.495,79.87%
MobileNetV4-Small,Scale_Metrology,INT4,GPU,40,26.822,79.87%
MobileNetV4-Small,Scale_Metrology,INT4,GPU,41,26.677,79.87%
MobileNetV4-Small,Scale_Metrology,INT4,GPU,42,24.598,79.87%
MobileNetV4-Small,Scale_Metrology,INT4,GPU,43,25.387,79.87%
MobileNetV4-Small,Scale_Metrology,INT4,GPU,44,25.686,79.87%
MobileNetV4-Small,Scale_Metrology,INT4,GPU,45,23.282,79.87%
MobileNetV4-Small,Scale_Metrology,INT4,GPU,46,25.972,79.87%
MobileNetV4-Small,Scale_Metrology,INT4,GPU,47,25.216,79.87%
MobileNetV4-Small,Scale_Metrology,INT4,GPU,48,25.583,79.87%
MobileNetV4-Small,Scale_Metrology,INT4,GPU,49,24.778,79.87%
MobileNetV4-Small,Scale_Metrology,INT4,GPU,50,24.718,79.87%
MobileNetV4-Small,Scale_Metrology,INT4,GPU,51,25.059,79.87%
MobileNetV4-Small,Scale_Metrology,INT4,GPU,52,25.856,79.87%
MobileNetV4-Small,Scale_Metrology,INT4,GPU,53,25.727,79.87%
MobileNetV4-Small,Scale_Metrology,INT4,GPU,54,25.184,79.87%
MobileNetV4-Small,Scale_Metrology,INT4,GPU,55,25.223,79.87%
MobileNetV4-Small,Scale_Metrology,INT4,GPU,56,25.048,79.87%
MobileNetV4-Small,Scale_Metrology,INT4,GPU,57,24.214,79.87%
MobileNetV4-Small,Scale_Metrology,INT4,GPU,58,25.572,79.87%
MobileNetV4-Small,Scale_Metrology,INT4,GPU,59,24.915,79.87%
MobileNetV4-Small,Scale_Metrology,INT4,GPU,60,26.129,79.87%
MobileNetV4-Small,Scale_Metrology,INT4,GPU,61,24.788,79.87%
MobileNetV4-Small,Scale_Metrology,INT4,GPU,62,24.504,79.87%
MobileNetV4-Small,Scale_Metrology,INT4,GPU,63,26.629,79.87%
MobileNetV4-Small,Scale_Metrology,INT4,GPU,64,26.074,79.87%
MobileNetV4-Small,Scale_Metrology,INT4,GPU,65,24.531,79.87%
MobileNetV4-Small,Scale_Metrology,INT4,GPU,66,27.605,79.87%
MobileNetV4-Small,Scale_Metrology,INT4,GPU,67,23.889,79.87%
MobileNetV4-Small,Scale_Metrology,INT4,GPU,68,24.755,79.87%
MobileNetV4-Small,Scale_Metrology,INT4,GPU,69,25.664,79.87%
MobileNetV4-Small,Scale_Metrology,INT4,GPU,70,24.431,79.87%
MobileNetV4-Small,Scale_Metrology,INT4,GPU,71,24.674,79.87%
MobileNetV4-Small,Scale_Metrology,INT4,GPU,72,24.228,79.87%
MobileNetV4-Small,Scale_Metrology,INT4,GPU,73,24.262,79.87%
MobileNetV4-Small,Scale_Metrology,INT4,GPU,74,25.244,79.87%
MobileNetV4-Small,Scale_Metrology,INT4,GPU,75,26.73,79.87%
MobileNetV4-Small,Scale_Metrology,INT4,GPU,76,25.43,79.87%
MobileNetV4-Small,Scale_Metrology,INT4,GPU,77,25.923,79.87%
MobileNetV4-Small,Scale_Metrology,INT4,GPU,78,25.282,79.87%
MobileNetV4-Small,Scale_Metrology,INT4,GPU,79,27.886,79.87%
MobileNetV4-Small,Scale_Metrology,INT4,GPU,80,25.245,79.87%
MobileNetV4-Small,Scale_Metrology,INT4,GPU,81,26.176,79.87%
MobileNetV4-Small,Scale_Metrology,INT4,GPU,82,26.137,79.87%
MobileNetV4-Small,Scale_Metrology,INT4,GPU,83,23.738,79.87%
MobileNetV4-Small,Scale_Metrology,INT4,GPU,84,23.483,79.87%
MobileNetV4-Small,Scale_Metrology,INT4,GPU,85,26.541,79.87%
MobileNetV4-Small,Scale_Metrology,INT4,GPU,86,23.651,79.87%
MobileNetV4-Small,Scale_Metrology,INT4,GPU,87,24.65,79.87%
MobileNetV4-Small,Scale_Metrology,INT4,GPU,88,25.4,79.87%
MobileNetV4-Small,Scale_Metrology,INT4,GPU,89,25.705,79.87%
MobileNetV4-Small,Scale_Metrology,INT4,GPU,90,25.199,79.87%
MobileNetV4-Small,Scale_Metrology,INT4,GPU,91,26.758,79.87%
MobileNetV4-Small,Scale_Metrology,INT4,GPU,92,25.053,79.87%
MobileNetV4-Small,Scale_Metrology,INT4,GPU,93,25.477,79.87%
MobileNetV4-Small,Scale_Metrology,INT4,GPU,94,26.389,79.87%
MobileNetV4-Small,Scale_Metrology,INT4,GPU,95,25.793,79.87%
MobileNetV4-Small,Scale_Metrology,INT4,GPU,96,25.962,79.87%
MobileNetV4-Small,Scale_Metrology,INT4,GPU,97,25.109,79.87%
MobileNetV4-Small,Scale_Metrology,INT4,GPU,98,25.666,79.87%
MobileNetV4-Small,Scale_Metrology,INT4,GPU,99,25.646,79.87%
MobileNetV4-Small,Scale_Metrology,INT4,GPU,100,25.248,79.87%
MobileNetV4-Small,Scale_Metrology,INT4,CPU,1,426.887,79.87%
MobileNetV4-Small,Scale_Metrology,INT4,CPU,2,406.563,79.87%
MobileNetV4-Small,Scale_Metrology,INT4,CPU,3,384.648,79.87%
MobileNetV4-Small,Scale_Metrology,INT4,CPU,4,404.127,79.87%
MobileNetV4-Small,Scale_Metrology,INT4,CPU,5,420.145,79.87%
MobileNetV4-Small,Scale_Metrology,INT4,CPU,6,398.929,79.87%
MobileNetV4-Small,Scale_Metrology,INT4,CPU,7,422.502,79.87%
MobileNetV4-Small,Scale_Metrology,INT4,CPU,8,396.795,79.87%
MobileNetV4-Small,Scale_Metrology,INT4,CPU,9,417.121,79.87%
MobileNetV4-Small,Scale_Metrology,INT4,CPU,10,425.53,79.87%
MobileNetV4-Small,Scale_Metrology,INT4,CPU,11,396.838,79.87%
MobileNetV4-Small,Scale_Metrology,INT4,CPU,12,420.411,79.87%
MobileNetV4-Small,Scale_Metrology,INT4,CPU,13,408.383,79.87%
MobileNetV4-Small,Scale_Metrology,INT4,CPU,14,415.261,79.87%
MobileNetV4-Small,Scale_Metrology,INT4,CPU,15,391.823,79.87%
MobileNetV4-Small,Scale_Metrology,INT4,CPU,16,419.731,79.87%
MobileNetV4-Small,Scale_Metrology,INT4,CPU,17,402.98,79.87%
MobileNetV4-Small,Scale_Metrology,INT4,CPU,18,433.753,79.87%
MobileNetV4-Small,Scale_Metrology,INT4,CPU,19,415.844,79.87%
MobileNetV4-Small,Scale_Metrology,INT4,CPU,20,400.225,79.87%
MobileNetV4-Small,Scale_Metrology,INT4,CPU,21,409.3,79.87%
MobileNetV4-Small,Scale_Metrology,INT4,CPU,22,417.584,79.87%
MobileNetV4-Small,Scale_Metrology,INT4,CPU,23,414.535,79.87%
MobileNetV4-Small,Scale_Metrology,INT4,CPU,24,426.271,79.87%
MobileNetV4-Small,Scale_Metrology,INT4,CPU,25,409.813,79.87%
MobileNetV4-Small,Scale_Metrology,INT4,CPU,26,430.863,79.87%
MobileNetV4-Small,Scale_Metrology,INT4,CPU,27,386.536,79.87%
MobileNetV4-Small,Scale_Metrology,INT4,CPU,28,427.436,79.87%
MobileNetV4-Small,Scale_Metrology,INT4,CPU,29,420.035,79.87%
MobileNetV4-Small,Scale_Metrology,INT4,CPU,30,438.849,79.87%
MobileNetV4-Small,Scale_Metrology,INT4,CPU,31,397.737,79.87%
MobileNetV4-Small,Scale_Metrology,INT4,CPU,32,404.593,79.87%
MobileNetV4-Small,Scale_Metrology,INT4,CPU,33,400.797,79.87%
MobileNetV4-Small,Scale_Metrology,INT4,CPU,34,410.33,79.87%
MobileNetV4-Small,Scale_Metrology,INT4,CPU,35,377.985,79.87%
MobileNetV4-Small,Scale_Metrology,INT4,CPU,36,382.212,79.87%
MobileNetV4-Small,Scale_Metrology,INT4,CPU,37,390.349,79.87%
MobileNetV4-Small,Scale_Metrology,INT4,CPU,38,421.201,79.87%
MobileNetV4-Small,Scale_Metrology,INT4,CPU,39,417.617,79.87%
MobileNetV4-Small,Scale_Metrology,INT4,CPU,40,401.892,79.87%
MobileNetV4-Small,Scale_Metrology,INT4,CPU,41,429.271,79.87%
MobileNetV4-Small,Scale_Metrology,INT4,CPU,42,421.33,79.87%
MobileNetV4-Small,Scale_Metrology,INT4,CPU,43,405.757,79.87%
MobileNetV4-Small,Scale_Metrology,INT4,CPU,44,421.266,79.87%
MobileNetV4-Small,Scale_Metrology,INT4,CPU,45,444.638,79.87%
MobileNetV4-Small,Scale_Metrology,INT4,CPU,46,429.971,79.87%
MobileNetV4-Small,Scale_Metrology,INT4,CPU,47,431.821,79.87%
MobileNetV4-Small,Scale_Metrology,INT4,CPU,48,418.075,79.87%
MobileNetV4-Small,Scale_Metrology,INT4,CPU,49,424.223,79.87%
MobileNetV4-Small,Scale_Metrology,INT4,CPU,50,407.33,79.87%
MobileNetV4-Small,Scale_Metrology,INT4,CPU,51,420.584,79.87%
MobileNetV4-Small,Scale_Metrology,INT4,CPU,52,397.718,79.87%
MobileNetV4-Small,Scale_Metrology,INT4,CPU,53,409.444,79.87%
MobileNetV4-Small,Scale_Metrology,INT4,CPU,54,404.209,79.87%
MobileNetV4-Small,Scale_Metrology,INT4,CPU,55,423.305,79.87%
MobileNetV4-Small,Scale_Metrology,INT4,CPU,56,432.58,79.87%
MobileNetV4-Small,Scale_Metrology,INT4,CPU,57,421.471,79.87%
MobileNetV4-Small,Scale_Metrology,INT4,CPU,58,426.853,79.87%
MobileNetV4-Small,Scale_Metrology,INT4,CPU,59,385.949,79.87%
MobileNetV4-Small,Scale_Metrology,INT4,CPU,60,402.492,79.87%
MobileNetV4-Small,Scale_Metrology,INT4,CPU,61,392.153,79.87%
MobileNetV4-Small,Scale_Metrology,INT4,CPU,62,430.251,79.87%
MobileNetV4-Small,Scale_Metrology,INT4,CPU,63,408.714,79.87%
MobileNetV4-Small,Scale_Metrology,INT4,CPU,64,427.724,79.87%
MobileNetV4-Small,Scale_Metrology,INT4,CPU,65,404.961,79.87%
MobileNetV4-Small,Scale_Metrology,INT4,CPU,66,385.75,79.87%
MobileNetV4-Small,Scale_Metrology,INT4,CPU,67,409.985,79.87%
MobileNetV4-Small,Scale_Metrology,INT4,CPU,68,415.178,79.87%
MobileNetV4-Small,Scale_Metrology,INT4,CPU,69,380.356,79.87%
MobileNetV4-Small,Scale_Metrology,INT4,CPU,70,420.505,79.87%
MobileNetV4-Small,Scale_Metrology,INT4,CPU,71,434.277,79.87%
MobileNetV4-Small,Scale_Metrology,INT4,CPU,72,406.725,79.87%
MobileNetV4-Small,Scale_Metrology,INT4,CPU,73,397.391,79.87%
MobileNetV4-Small,Scale_Metrology,INT4,CPU,74,421.805,79.87%
MobileNetV4-Small,Scale_Metrology,INT4,CPU,75,376.619,79.87%
MobileNetV4-Small,Scale_Metrology,INT4,CPU,76,437.391,79.87%
MobileNetV4-Small,Scale_Metrology,INT4,CPU,77,403.437,79.87%
MobileNetV4-Small,Scale_Metrology,INT4,CPU,78,403.861,79.87%
MobileNetV4-Small,Scale_Metrology,INT4,CPU,79,415.238,79.87%
MobileNetV4-Small,Scale_Metrology,INT4,CPU,80,406.411,79.87%
MobileNetV4-Small,Scale_Metrology,INT4,CPU,81,400.47,79.87%
MobileNetV4-Small,Scale_Metrology,INT4,CPU,82,403.825,79.87%
MobileNetV4-Small,Scale_Metrology,INT4,CPU,83,369.249,79.87%
MobileNetV4-Small,Scale_Metrology,INT4,CPU,84,421.262,79.87%
MobileNetV4-Small,Scale_Metrology,INT4,CPU,85,430.362,79.87%
MobileNetV4-Small,Scale_Metrology,INT4,CPU,86,438.239,79.87%
MobileNetV4-Small,Scale_Metrology,INT4,CPU,87,427.314,79.87%
MobileNetV4-Small,Scale_Metrology,INT4,CPU,88,411.04,79.87%
MobileNetV4-Small,Scale_Metrology,INT4,CPU,89,428.04,79.87%
MobileNetV4-Small,Scale_Metrology,INT4,CPU,90,431.344,79.87%
MobileNetV4-Small,Scale_Metrology,INT4,CPU,91,411.292,79.87%
MobileNetV4-Small,Scale_Metrology,INT4,CPU,92,405.968,79.87%
MobileNetV4-Small,Scale_Metrology,INT4,CPU,93,413.267,79.87%
MobileNetV4-Small,Scale_Metrology,INT4,CPU,94,376.136,79.87%
MobileNetV4-Small,Scale_Metrology,INT4,CPU,95,428.938,79.87%
MobileNetV4-Small,Scale_Metrology,INT4,CPU,96,431.374,79.87%
MobileNetV4-Small,Scale_Metrology,INT4,CPU,97,454.819,79.87%
MobileNetV4-Small,Scale_Metrology,INT4,CPU,98,415.865,79.87%
MobileNetV4-Small,Scale_Metrology,INT4,CPU,99,444.144,79.87%
MobileNetV4-Small,Scale_Metrology,INT4,CPU,100,412.909,79.87%
